3 bedroom houses,,,,,,,,,,,,,,,,,,,,,,,,,,,,,,,,,,,,,,,,,,,,,,,,,,,,,,,,,,,,,,,,,,,,,,,,,,,,,,,,,,,,,,,,,,,,,,,,,,,,,,,,,,,,,,,,,,,,,,,,,,,,,,,,,,,,,,,,,,,,,,,,,,,,,,,,,,,,,,,,,,,,,,,,,,,,,
,,Jun 1999,,Sep 1999,,Dec 1999,,Mar 2000,,Jun 2000,,Sep 2000,,Dec 2000,,Mar 2001,,Jun 2001,,Sep 2001,,Dec 2001,,Mar 2002,,Jun 2002,,Sep 2002,,Dec 2003,,Mar 2003,,Jun 2003,,Sep 2003,,Dec 2003,,Mar 2004,,Jun 2004,,Sep 2004,,Dec 2004,,Mar 2005,,Jun 2005,,Sep 2005,,Dec 2005,,Mar 2006,,Jun 2006,,Sep 2006,,Dec 2006,,Mar 2007,,Jun 2007,,Sep 2007,,Dec 2007,,Mar 2008,,Jun 2008,,Sep 2008,,Dec 2008,,Mar 2009,,Jun 2009,,Sep 2009,,Dec 2009,,Mar 2010,,Jun 2010,,Sep 2010,,Dec 2010,,Mar 2011,,Jun 2011,,Sep 2011,,Dec 2011,,Mar 2012,,Jun 2012,,Sep 2012,,Dec 2012,,Mar 2013,,Jun 2013,,Sep 2013,,Dec 2013,,Mar 2014,,Jun 2014,,Sep 2014,,Dec 2014,,Mar 2015,,Jun 2015,,Sep 2015,,Dec 2015,,Mar 2016,,Jun 2016,,Sep 2016,,Dec 2016,,Mar 2017,,Jun 2017,,Sep 2017,,Dec 2017,,Mar 2018,,Jun 2018,,Sep 2018,,Dec 2018,,Mar 2019,,Jun 2019,,Sep 2019,,Dec 2019,,Mar 2020,,Jun 2020,,Sep 2020,
,,Count,Median,Count,Median,Count,Median,Count,Median,Count,Median,Count,Median,Count,Median,Count,Median,Count,Median,Count,Median,Count,Median,Count,Median,Count,Median,Count,Median,Count,Median,Count,Median,Count,Median,Count,Median,Count,Median,Count,Median,Count,Median,Count,Median,Count,Median,Count,Median,Count,Median,Count,Median,Count,Median,Count,Median,Count,Median,Count,Median,Count,Median,Count,Median,Count,Median,Count,Median,Count,Median,Count,Median,Count,Median,Count,Median,Count,Median,Count,Median,Count,Median,Count,Median,Count,Median,Count,Median,Count,Median,Count,Median,Count,Median,Count,Median,Count,Median,Count,Median,Count,Median,Count,Median,Count,Median,Count,Median,Count,Median,Count,Median,Count,Median,Count,Median,Count,Median,Count,Median,Count,Median,Count,Median,Count,Median,Count,Median,Count,Median,Count,Median,Count,Median,Count,Median,Count,Median,Count,Median,Count,Median,Count,Median,Count,Median,Count,Median,Count,Median,Count,Median,Count,Median,Count,Median,Count,Median,Count,Median,Count,Median,Count,Median,Count,Median,Count,Median,Count,Median,Count,Median
Barwon South West,Colac-Otway, 52 ,$120, 42 ,$123, 40 ,$120, 52 ,$123, 44 ,$130, 59 ,$125, 32 ,$130, 47 ,$130, 40 ,$130, 43 ,$135, 36 ,$133, 43 ,$150, 49 ,$150, 41 ,$165, 48 ,$160, 60 ,$170, 50 ,$170, 46 ,$173, 60 ,$173, 49 ,$180, 45 ,$170, 57 ,$175, 52 ,$180, 53 ,$175, 64 ,$178, 57 ,$180, 47 ,$180, 48 ,$190, 58 ,$188, 47 ,$180, 44 ,$185, 45 ,$185, 46 ,$183, 47 ,$185, 44 ,$200, 65 ,$200, 59 ,$200, 65 ,$205, 53 ,$220, 61 ,$200, 51 ,$220, 71 ,$210, 60 ,$220, 54 ,$230, 74 ,$220, 60 ,$230, 51 ,$225, 64 ,$240, 68 ,$240, 66 ,$250, 66 ,$250, 61 ,$235, 57 ,$270, 65 ,$260, 58 ,$255, 70 ,$250, 53 ,$260, 65 ,$265, 89 ,$270, 71 ,$260, 61 ,$265, 67 ,$265, 63 ,$270, 72 ,$260, 65 ,$270, 62 ,$280, 71 ,$280, 81 ,$280, 74 ,$280, 75 ,$280, 71 ,$280, 63 ,$285, 75 ,$280, 68 ,$290, 58 ,$300, 76 ,$290, 54 ,$310, 65 ,$310, 47 ,$310, 56 ,$320, 63 ,$335, 56 ,$318, 65 ,$320, 69 ,$325, 45 ,$320, 67 ,$350
,Corangamite, 23 ,$100, 24 ,$100, 26 ,$110, 28 ,$100, 27 ,$110, 28 ,$120, 17 ,$100, 25 ,$100, 10 ,$105, 25 ,$110, 23 ,$110, 13 ,$120, 22 ,$110, 23 ,$110, 21 ,$120, 23 ,$125, 16 ,$123, 32 ,$120, 26 ,$133, 25 ,$125, 27 ,$140, 27 ,$145, 29 ,$145, 40 ,$173, 32 ,$143, 48 ,$150, 36 ,$150, 39 ,$190, 35 ,$160, 44 ,$188, 46 ,$160, 42 ,$180, 27 ,$180, 48 ,$168, 46 ,$165, 40 ,$170, 50 ,$168, 40 ,$190, 26 ,$178, 55 ,$190, 35 ,$180, 52 ,$200, 46 ,$195, 56 ,$200, 28 ,$200, 47 ,$200, 36 ,$200, 43 ,$200, 46 ,$210, 41 ,$220, 33 ,$220, 51 ,$220, 36 ,$213, 42 ,$200, 33 ,$220, 49 ,$225, 35 ,$200, 41 ,$220, 37 ,$220, 45 ,$230, 44 ,$220, 42 ,$210, 29 ,$230, 39 ,$220, 42 ,$230, 33 ,$220, 40 ,$240, 34 ,$245, 45 ,$240, 51 ,$245, 44 ,$250, 55 ,$250, 38 ,$253, 41 ,$250, 31 ,$245, 42 ,$250, 39 ,$250, 34 ,$245, 31 ,$270, 37 ,$270, 26 ,$275, 29 ,$260, 33 ,$270, 39 ,$300, 29 ,$275, 47 ,$290
,Glenelg, 69 ,$115, 55 ,$110, 57 ,$120, 62 ,$118, 57 ,$120, 62 ,$120, 62 ,$120, 48 ,$115, 55 ,$120, 45 ,$120, 48 ,$130, 49 ,$130, 50 ,$140, 47 ,$140, 44 ,$140, 47 ,$150, 50 ,$158, 63 ,$140, 52 ,$150, 52 ,$160, 43 ,$165, 59 ,$160, 45 ,$160, 47 ,$170, 46 ,$168, 56 ,$170, 53 ,$175, 65 ,$175, 51 ,$180, 53 ,$180, 48 ,$180, 49 ,$200, 40 ,$190, 48 ,$185, 44 ,$193, 71 ,$200, 70 ,$200, 60 ,$200, 70 ,$210, 57 ,$200, 55 ,$200, 52 ,$220, 62 ,$200, 70 ,$200, 66 ,$200, 78 ,$210, 63 ,$210, 71 ,$200, 53 ,$205, 74 ,$220, 73 ,$225, 66 ,$223, 49 ,$210, 66 ,$223, 52 ,$230, 75 ,$230, 71 ,$240, 96 ,$220, 60 ,$230, 71 ,$220, 72 ,$230, 69 ,$215, 59 ,$220, 63 ,$230, 62 ,$230, 69 ,$220, 58 ,$210, 62 ,$238, 55 ,$220, 78 ,$230, 55 ,$230, 54 ,$230, 43 ,$240, 55 ,$240, 55 ,$230, 45 ,$260, 53 ,$250, 46 ,$255, 48 ,$265, 61 ,$260, 43 ,$260, 52 ,$288, 40 ,$280, 50 ,$300, 41 ,$310, 31 ,$320
,Greater Geelong, 557 ,$150, 528 ,$150, 564 ,$155, 564 ,$155, 544 ,$155, 597 ,$160, 510 ,$160, 591 ,$160, 465 ,$165, 546 ,$165, 529 ,$170, 592 ,$170, 538 ,$175, 613 ,$180, 579 ,$180, 716 ,$180, 556 ,$180, 649 ,$180, 641 ,$190, 715 ,$190, 489 ,$190, 622 ,$190, 609 ,$200, 663 ,$200, 563 ,$200, 632 ,$200, 608 ,$200, 620 ,$210, 545 ,$210, 599 ,$215, 494 ,$220, 648 ,$230, 530 ,$230, 625 ,$230, 547 ,$240, 672 ,$250, 601 ,$250, 609 ,$250, 564 ,$265, 566 ,$267, 598 ,$265, 644 ,$270, 629 ,$270, 636 ,$280, 652 ,$280, 735 ,$280, 698 ,$300, 702 ,$308, 678 ,$310, 773 ,$300, 722 ,$310, 818 ,$320, 730 ,$310, 781 ,$310, 752 ,$320, 844 ,$320, 743 ,$315, 803 ,$310, 794 ,$320, 893 ,$325, 765 ,$319, 759 ,$320, 862 ,$320, 864 ,$330, 828 ,$320, 833 ,$320, 901 ,$330, 942 ,$340, 833 ,$330, 854 ,$331, 895 ,$330, 951 ,$340, 855 ,$350, 856 ,$350, 912 ,$350, 898 ,$350, 792 ,$350, 865 ,$350, 802 ,$360, 848 ,$375, 761 ,$370, 900 ,$370, 830 ,$370, 865 ,$380, 756 ,$370, 795 ,$375
,Moyne, 21 ,$135, 21 ,$130, 23 ,$130, 32 ,$120, 18 ,$133, 28 ,$135, 17 ,$120, 26 ,$133, 19 ,$140, 26 ,$138, 20 ,$153, 23 ,$140, 27 ,$150, 31 ,$155, 18 ,$180, 23 ,$160, 21 ,$180, 28 ,$180, 30 ,$163, 25 ,$165, 21 ,$185, 29 ,$180, 22 ,$210, 28 ,$170, 39 ,$180, 33 ,$180, 24 ,$178, 38 ,$200, 21 ,$200, 27 ,$220, 39 ,$190, 35 ,$200, 37 ,$200, 39 ,$200, 28 ,$190, 33 ,$200, 39 ,$180, 43 ,$190, 28 ,$208, 28 ,$185, 28 ,$213, 37 ,$220, 28 ,$250, 24 ,$250, 32 ,$240, 43 ,$250, 33 ,$260, 36 ,$250, 21 ,$250, 29 ,$260, 39 ,$280, 33 ,$240, 39 ,$260, 49 ,$250, 29 ,$245, 41 ,$280, 42 ,$260, 40 ,$263, 29 ,$260, 33 ,$265, 33 ,$270, 35 ,$270, 30 ,$268, 34 ,$255, 32 ,$273, 32 ,$280, 38 ,$280, 39 ,$295, 34 ,$290, 31 ,$275, 30 ,$300, 30 ,$290, 34 ,$275, 36 ,$290, 32 ,$268, 39 ,$270, 26 ,$300, 29 ,$280, 29 ,$300, 24 ,$320, 24 ,$343, 36 ,$330, 29 ,$340, 31 ,$360, 22 ,$315, 24 ,$355
,Queenscliffe, 7 ,$145, 10 ,$160, 12 ,$171, 15 ,$190, 10 ,$155, 10 ,$160, 8 ,$153, 11 ,$170, 7 ,$180, 11 ,$165, 8 ,$178, 10 ,$170, 13 ,$180, 12 ,$180, - ,-, 11 ,$200, 7 ,$190, 17 ,$180, 11 ,$200, 11 ,$215, 9 ,$185, - ,-, 9 ,$200, 14 ,$210, 12 ,$209, 5 ,$220, 7 ,$225, 6 ,$220, 13 ,$220, 7 ,$240, 6 ,$225, 6 ,$215, 9 ,$250, 11 ,$240, 7 ,$250, 5 ,$250, - ,-, - ,-, - ,-, - ,-, - ,-, - ,-, - ,-, - ,-, - ,-, - ,-, - ,-, - ,-, - ,-, - ,-, - ,-, - ,-, - ,-, - ,-, 5 ,$340, - ,-, - ,-, 6 ,$335, - ,-, - ,-, - ,-, - ,-, - ,-, - ,-, - ,-, - ,-, - ,-, 5 ,$350, - ,-, 6 ,$373, - ,-, 5 ,$440, - ,-, - ,-, - ,-, - ,-, - ,-, - ,-, - ,-, - ,-, - ,-, - ,-, - ,-, - ,-, - ,-, - ,-
,Southern Grampians, 57 ,$120, 45 ,$115, 53 ,$120, 41 ,$120, 42 ,$113, 43 ,$120, 41 ,$115, 50 ,$115, 32 ,$118, 35 ,$125, 35 ,$120, 37 ,$130, 29 ,$130, 28 ,$130, 26 ,$133, 28 ,$150, 35 ,$150, 23 ,$160, 39 ,$160, 43 ,$160, 32 ,$163, 46 ,$170, 43 ,$185, 52 ,$200, 43 ,$200, 38 ,$195, 42 ,$200, 36 ,$185, 43 ,$180, 49 ,$200, 36 ,$188, 47 ,$185, 42 ,$200, 37 ,$180, 45 ,$180, 38 ,$200, 44 ,$200, 40 ,$195, 46 ,$200, 42 ,$220, 58 ,$195, 36 ,$190, 38 ,$220, 55 ,$210, 33 ,$210, 48 ,$230, 37 ,$190, 45 ,$230, 37 ,$240, 46 ,$235, 44 ,$240, 44 ,$220, 46 ,$250, 45 ,$240, 42 ,$235, 56 ,$230, 30 ,$245, 43 ,$230, 48 ,$240, 61 ,$240, 37 ,$240, 43 ,$240, 46 ,$255, 57 ,$250, 41 ,$220, 58 ,$240, 63 ,$230, 52 ,$245, 55 ,$240, 50 ,$250, 61 ,$230, 53 ,$250, 54 ,$230, 46 ,$230, 57 ,$250, 54 ,$250, 46 ,$245, 44 ,$260, 44 ,$270, 51 ,$270, 39 ,$270, 49 ,$270, 36 ,$280, 53 ,$280, 45 ,$280, 42 ,$295
,Surf Coast, 57 ,$150, 69 ,$160, 56 ,$170, 70 ,$170, 74 ,$165, 79 ,$180, 61 ,$170, 79 ,$180, 62 ,$190, 81 ,$185, 43 ,$190, 87 ,$190, 79 ,$195, 74 ,$200, 66 ,$220, 71 ,$200, 83 ,$220, 75 ,$210, 63 ,$220, 79 ,$220, 56 ,$210, 77 ,$210, 74 ,$238, 69 ,$240, 90 ,$240, 96 ,$240, 65 ,$260, 68 ,$250, 71 ,$250, 93 ,$260, 64 ,$263, 73 ,$275, 78 ,$280, 92 ,$265, 73 ,$280, 88 ,$285, 85 ,$275, 82 ,$285, 85 ,$320, 82 ,$340, 84 ,$330, 109 ,$300, 82 ,$330, 86 ,$340, 68 ,$325, 72 ,$341, 79 ,$360, 100 ,$350, 82 ,$350, 99 ,$350, 61 ,$390, 93 ,$360, 98 ,$365, 96 ,$350, 90 ,$370, 87 ,$380, 94 ,$360, 93 ,$350, 94 ,$380, 89 ,$400, 93 ,$410, 100 ,$380, 75 ,$395, 89 ,$390, 87 ,$390, 95 ,$380, 90 ,$405, 108 ,$400, 119 ,$400, 97 ,$400, 94 ,$450, 106 ,$438, 102 ,$423, 93 ,$440, 96 ,$450, 95 ,$450, 93 ,$432, 93 ,$450, 77 ,$450, 83 ,$460, 113 ,$440, 96 ,$450, 104 ,$460, 129 ,$465, 117 ,$450, 117 ,$450
,Warrnambool, 85 ,$160, 84 ,$160, 110 ,$160, 106 ,$165, 86 ,$160, 69 ,$165, 58 ,$170, 96 ,$170, 89 ,$175, 81 ,$170, 72 ,$175, 92 ,$180, 78 ,$180, 84 ,$183, 104 ,$188, 102 ,$199, 83 ,$190, 89 ,$210, 103 ,$210, 105 ,$210, 88 ,$220, 93 ,$220, 88 ,$220, 110 ,$220, 98 ,$220, 94 ,$220, 107 ,$230, 124 ,$240, 87 ,$235, 93 ,$240, 103 ,$250, 111 ,$240, 99 ,$240, 90 ,$240, 116 ,$248, 125 ,$250, 103 ,$250, 98 ,$260, 124 ,$270, 113 ,$250, 109 ,$260, 100 ,$270, 93 ,$285, 115 ,$300, 107 ,$300, 108 ,$300, 121 ,$300, 115 ,$310, 124 ,$320, 127 ,$310, 110 ,$320, 136 ,$320, 144 ,$320, 145 ,$300, 130 ,$300, 143 ,$312, 134 ,$300, 138 ,$300, 141 ,$300, 144 ,$318, 108 ,$310, 136 ,$300, 148 ,$300, 133 ,$320, 110 ,$320, 147 ,$310, 124 ,$310, 157 ,$320, 131 ,$310, 129 ,$330, 121 ,$320, 134 ,$320, 100 ,$320, 98 ,$325, 105 ,$305, 136 ,$330, 114 ,$330, 91 ,$330, 107 ,$350, 106 ,$350, 118 ,$350, 83 ,$350, 97 ,$360, 110 ,$360, 78 ,$368, 71 ,$370
,Group Total, 928 ,$145, 878 ,$145, 941 ,$150, 970 ,$150, 902 ,$150, 975 ,$150, 806 ,$155, 973 ,$160, 779 ,$160, 893 ,$160, 814 ,$165, 946 ,$170, 885 ,$170, 953 ,$175, 910 ,$180," 1,081 ",$180, 901 ,$180," 1,022 ",$180," 1,025 ",$185," 1,104 ",$190, 810 ,$190," 1,010 ",$190, 971 ,$200," 1,076 ",$200, 987 ,$200," 1,059 ",$200, 989 ,$200," 1,044 ",$210, 924 ,$210," 1,012 ",$215, 880 ,$220," 1,056 ",$221, 908 ,$225," 1,037 ",$230, 950 ,$238," 1,137 ",$240," 1,052 ",$245," 1,039 ",$250, 996 ,$255," 1,004 ",$260," 1,022 ",$255," 1,105 ",$260," 1,041 ",$265," 1,099 ",$275," 1,063 ",$275," 1,192 ",$275," 1,120 ",$290," 1,178 ",$300," 1,113 ",$300," 1,257 ",$295," 1,152 ",$300," 1,303 ",$300," 1,200 ",$300," 1,292 ",$300," 1,191 ",$310," 1,369 ",$310," 1,205 ",$300," 1,325 ",$300," 1,295 ",$300," 1,410 ",$310," 1,217 ",$310," 1,253 ",$300," 1,313 ",$310," 1,353 ",$315," 1,271 ",$310," 1,332 ",$310," 1,387 ",$320," 1,480 ",$330," 1,348 ",$320," 1,371 ",$320," 1,374 ",$320," 1,451 ",$330," 1,303 ",$330," 1,295 ",$330," 1,347 ",$340," 1,389 ",$345," 1,221 ",$350," 1,268 ",$350," 1,192 ",$350," 1,268 ",$360," 1,191 ",$365," 1,303 ",$360," 1,236 ",$370," 1,349 ",$370," 1,136 ",$370," 1,200 ",$370
Grampians,Ararat, 49 ,$110, 25 ,$110, 38 ,$110, 41 ,$110, 31 ,$100, 32 ,$105, 26 ,$113, 31 ,$110, 24 ,$110, 23 ,$110, 19 ,$120, 26 ,$110, 23 ,$120, 21 ,$120, 20 ,$120, 36 ,$128, 21 ,$125, 25 ,$130, 23 ,$140, 31 ,$130, 25 ,$125, 35 ,$135, 33 ,$135, 25 ,$135, 28 ,$143, 22 ,$145, 23 ,$150, 23 ,$140, 26 ,$140, 19 ,$155, 17 ,$170, 36 ,$150, 21 ,$160, 20 ,$150, 24 ,$160, 24 ,$163, 27 ,$150, 25 ,$165, 18 ,$168, 39 ,$160, 32 ,$183, 34 ,$170, 31 ,$170, 31 ,$195, 37 ,$185, 47 ,$200, 31 ,$175, 45 ,$210, 32 ,$223, 47 ,$230, 30 ,$220, 40 ,$220, 36 ,$235, 39 ,$220, 43 ,$220, 50 ,$235, 38 ,$265, 30 ,$245, 30 ,$225, 39 ,$250, 26 ,$248, 48 ,$248, 39 ,$240, 54 ,$250, 35 ,$250, 44 ,$238, 46 ,$250, 35 ,$240, 44 ,$235, 48 ,$270, 36 ,$240, 40 ,$260, 40 ,$250, 33 ,$260, 51 ,$250, 30 ,$250, 52 ,$260, 41 ,$270, 36 ,$270, 31 ,$300, 41 ,$280, 34 ,$270, 30 ,$270, 36 ,$280, 34 ,$280, 28 ,$290
,Ballarat, 267 ,$140, 289 ,$140, 262 ,$145, 438 ,$145, 271 ,$150, 311 ,$150, 281 ,$150, 352 ,$155, 234 ,$160, 254 ,$165, 276 ,$160, 359 ,$165, 294 ,$175, 260 ,$170, 292 ,$170, 396 ,$170, 331 ,$180, 305 ,$180, 311 ,$180, 400 ,$185, 277 ,$180, 296 ,$180, 309 ,$190, 438 ,$190, 314 ,$190, 337 ,$190, 287 ,$190, 394 ,$195, 283 ,$190, 325 ,$195, 281 ,$210, 371 ,$200, 295 ,$210, 318 ,$200, 334 ,$200, 411 ,$220, 346 ,$220, 320 ,$225, 342 ,$230, 428 ,$230, 363 ,$230, 345 ,$230, 367 ,$240, 426 ,$240, 356 ,$250, 339 ,$250, 390 ,$255, 452 ,$260, 375 ,$270, 375 ,$265, 413 ,$269, 475 ,$270, 429 ,$270, 428 ,$270, 452 ,$270, 483 ,$270, 463 ,$275, 444 ,$270, 436 ,$275, 501 ,$280, 429 ,$270, 454 ,$275, 500 ,$275, 515 ,$280, 449 ,$275, 452 ,$280, 504 ,$280, 539 ,$280, 454 ,$280, 498 ,$290, 459 ,$285, 527 ,$290, 441 ,$290, 478 ,$290, 464 ,$295, 527 ,$300, 407 ,$300, 429 ,$310, 421 ,$320, 461 ,$330, 425 ,$320, 441 ,$320, 454 ,$330, 495 ,$330, 444 ,$320, 461 ,$325
,Golden Plains, 16 ,$145, 18 ,$130, 11 ,$125, 9 ,$125, 6 ,$130, 12 ,$135, 11 ,$130, 12 ,$138, 14 ,$143, 10 ,$140, 8 ,$145, 6 ,$155, 15 ,$150, 17 ,$165, 11 ,$160, 15 ,$160, 9 ,$150, 13 ,$185, 17 ,$180, 16 ,$175, 9 ,$220, 15 ,$194, 17 ,$180, 21 ,$200, 10 ,$200, 15 ,$200, 14 ,$183, 18 ,$218, 15 ,$200, 14 ,$198, 20 ,$205, 15 ,$240, 15 ,$200, 16 ,$210, 20 ,$230, 21 ,$231, 13 ,$250, 22 ,$240, 17 ,$250, 16 ,$245, 22 ,$250, 17 ,$260, 9 ,$250, 21 ,$240, 16 ,$280, 17 ,$250, 20 ,$263, 30 ,$285, 20 ,$305, 16 ,$273, 22 ,$320, 18 ,$315, 23 ,$300, 18 ,$335, 23 ,$330, 22 ,$288, 11 ,$295, 25 ,$300, 23 ,$315, 25 ,$320, 18 ,$280, 17 ,$340, 18 ,$330, 26 ,$313, 30 ,$320, 21 ,$310, 22 ,$318, 19 ,$330, 20 ,$338, 28 ,$338, 17 ,$320, 18 ,$350, 23 ,$340, 29 ,$340, 11 ,$350, 17 ,$330, 21 ,$370, 15 ,$380, 9 ,$390, 20 ,$365, 17 ,$365, 24 ,$395, 10 ,$370, 20 ,$388, 21 ,$360, 21 ,$395
,Hepburn, 30 ,$133, 27 ,$140, 30 ,$130, 32 ,$140, 24 ,$130, 34 ,$143, 24 ,$143, 28 ,$148, 18 ,$150, 25 ,$150, 24 ,$150, 26 ,$160, 20 ,$150, 33 ,$160, 23 ,$160, 24 ,$165, 34 ,$160, 21 ,$175, 39 ,$165, 31 ,$170, 22 ,$168, 34 ,$168, 31 ,$170, 43 ,$175, 31 ,$180, 30 ,$188, 31 ,$185, 29 ,$190, 37 ,$180, 29 ,$180, 38 ,$193, 34 ,$180, 25 ,$200, 33 ,$200, 26 ,$203, 34 ,$200, 35 ,$200, 31 ,$225, 33 ,$210, 40 ,$245, 36 ,$230, 30 ,$225, 25 ,$240, 34 ,$250, 29 ,$235, 50 ,$250, 30 ,$250, 29 ,$275, 37 ,$280, 51 ,$260, 25 ,$300, 41 ,$300, 42 ,$288, 39 ,$295, 40 ,$283, 39 ,$280, 40 ,$280, 39 ,$290, 30 ,$295, 46 ,$300, 36 ,$290, 30 ,$305, 39 ,$300, 38 ,$300, 33 ,$290, 37 ,$310, 40 ,$318, 33 ,$320, 39 ,$320, 30 ,$310, 43 ,$310, 43 ,$320, 30 ,$335, 41 ,$340, 26 ,$330, 37 ,$350, 29 ,$350, 39 ,$350, 32 ,$363, 46 ,$365, 36 ,$380, 30 ,$340, 36 ,$380, 30 ,$378, 46 ,$360, 29 ,$360
,Hindmarsh, 7 ,$100, 11 ,$90, 10 ,$100, 11 ,$110, 12 ,$103, 9 ,$100, 9 ,$100, 12 ,$100, 5 ,$110, 14 ,$98, 7 ,$110, 14 ,$100, - ,-, 9 ,$100, 8 ,$118, 11 ,$110, 11 ,$120, 10 ,$120, 13 ,$125, 21 ,$130, 9 ,$130, 12 ,$130, 13 ,$125, 13 ,$130, 8 ,$135, 11 ,$130, 13 ,$130, 9 ,$125, 11 ,$135, 18 ,$130, 7 ,$140, 21 ,$130, 19 ,$135, 22 ,$138, 12 ,$150, 23 ,$135, 20 ,$145, 13 ,$145, 16 ,$135, 15 ,$145, 19 ,$150, 15 ,$150, 14 ,$143, 15 ,$150, 12 ,$150, 14 ,$155, 16 ,$150, 11 ,$160, 7 ,$150, 20 ,$150, 10 ,$155, 15 ,$175, 11 ,$155, 15 ,$160, 13 ,$165, 18 ,$158, 13 ,$185, 13 ,$160, 11 ,$190, 14 ,$175, 12 ,$153, 21 ,$160, 21 ,$190, 22 ,$170, 17 ,$175, 11 ,$170, 13 ,$170, 22 ,$185, 15 ,$185, 9 ,$190, 23 ,$180, 24 ,$195, 19 ,$190, 15 ,$200, 15 ,$180, 16 ,$208, 18 ,$178, 16 ,$198, 12 ,$205, 15 ,$190, 15 ,$200, 18 ,$225, 10 ,$225, 14 ,$195, 14 ,$210, 13 ,$210
,Horsham, 45 ,$130, 72 ,$125, 67 ,$130, 83 ,$125, 77 ,$130, 68 ,$125, 72 ,$140, 78 ,$130, 58 ,$140, 58 ,$135, 66 ,$135, 56 ,$138, 53 ,$145, 56 ,$160, 56 ,$148, 80 ,$160, 72 ,$155, 64 ,$160, 74 ,$155, 83 ,$160, 61 ,$155, 69 ,$170, 77 ,$180, 63 ,$165, 72 ,$155, 82 ,$180, 63 ,$170, 65 ,$175, 68 ,$168, 71 ,$175, 82 ,$165, 90 ,$175, 65 ,$180, 79 ,$180, 90 ,$190, 102 ,$190, 78 ,$205, 90 ,$175, 94 ,$180, 104 ,$210, 75 ,$200, 67 ,$205, 84 ,$220, 97 ,$210, 88 ,$210, 91 ,$200, 79 ,$220, 100 ,$208, 88 ,$230, 79 ,$210, 75 ,$225, 91 ,$235, 75 ,$230, 68 ,$230, 78 ,$238, 85 ,$245, 70 ,$235, 83 ,$260, 72 ,$250, 73 ,$270, 65 ,$250, 104 ,$260, 77 ,$270, 73 ,$270, 59 ,$270, 83 ,$260, 67 ,$255, 109 ,$250, 83 ,$255, 109 ,$270, 67 ,$270, 105 ,$260, 55 ,$270, 76 ,$250, 74 ,$280, 90 ,$270, 64 ,$268, 91 ,$280, 88 ,$280, 76 ,$283, 78 ,$295, 85 ,$285, 72 ,$270, 74 ,$298, 81 ,$290, 71 ,$310
,Moorabool, 52 ,$150, 61 ,$150, 46 ,$155, 48 ,$155, 33 ,$155, 47 ,$160, 37 ,$155, 47 ,$160, 29 ,$160, 31 ,$165, 49 ,$165, 43 ,$160, 38 ,$170, 46 ,$170, 49 ,$170, 55 ,$170, 47 ,$175, 54 ,$175, 54 ,$180, 41 ,$185, 42 ,$178, 49 ,$180, 42 ,$185, 49 ,$185, 58 ,$185, 47 ,$180, 49 ,$185, 52 ,$198, 44 ,$188, 47 ,$190, 52 ,$190, 54 ,$200, 38 ,$198, 40 ,$220, 45 ,$200, 44 ,$220, 39 ,$230, 34 ,$240, 37 ,$240, 47 ,$230, 48 ,$240, 42 ,$250, 53 ,$250, 42 ,$250, 48 ,$248, 51 ,$260, 42 ,$275, 48 ,$280, 54 ,$270, 66 ,$275, 45 ,$280, 60 ,$280, 52 ,$288, 50 ,$283, 67 ,$290, 76 ,$280, 67 ,$280, 71 ,$285, 57 ,$290, 51 ,$290, 69 ,$290, 67 ,$290, 57 ,$300, 63 ,$300, 68 ,$300, 77 ,$300, 59 ,$300, 58 ,$300, 65 ,$310, 58 ,$310, 62 ,$310, 60 ,$310, 69 ,$325, 61 ,$340, 57 ,$335, 54 ,$340, 71 ,$340, 67 ,$350, 52 ,$360, 61 ,$350, 67 ,$360, 71 ,$350, 63 ,$350, 53 ,$350, 66 ,$360, 53 ,$360
,Northern Grampians, 26 ,$115, 30 ,$118, 28 ,$123, 37 ,$120, 26 ,$120, 20 ,$120, 23 ,$125, 34 ,$123, 42 ,$120, 30 ,$125, 30 ,$130, 33 ,$125, 28 ,$128, 36 ,$125, 24 ,$132, 39 ,$125, 28 ,$130, 35 ,$135, 48 ,$130, 32 ,$135, 32 ,$140, 32 ,$145, 30 ,$140, 36 ,$140, 33 ,$150, 40 ,$150, 25 ,$135, 38 ,$150, 28 ,$143, 32 ,$150, 37 ,$150, 46 ,$155, 32 ,$145, 43 ,$150, 36 ,$150, 48 ,$150, 33 ,$150, 31 ,$145, 30 ,$170, 39 ,$155, 34 ,$160, 39 ,$160, 40 ,$163, 32 ,$165, 38 ,$170, 38 ,$170, 38 ,$168, 35 ,$180, 32 ,$180, 30 ,$180, 24 ,$200, 26 ,$190, 37 ,$210, 34 ,$200, 33 ,$210, 37 ,$210, 38 ,$188, 31 ,$200, 21 ,$210, 25 ,$210, 25 ,$230, 36 ,$210, 28 ,$210, 34 ,$220, 23 ,$220, 34 ,$213, 38 ,$230, 29 ,$200, 30 ,$240, 34 ,$220, 34 ,$220, 40 ,$220, 32 ,$240, 23 ,$220, 26 ,$233, 33 ,$230, 36 ,$230, 48 ,$253, 28 ,$250, 47 ,$250, 28 ,$250, 21 ,$270, 34 ,$265, 32 ,$250, 34 ,$263, 24 ,$253
,Pyrenees, 6 ,$115, 8 ,$120, 6 ,$90, 10 ,$120, 6 ,$113, 6 ,$125, 6 ,$120, 5 ,$130, 5 ,$110, - ,-, 6 ,$130, - ,-, 6 ,$110, 6 ,$155, 8 ,$145, - ,-, 5 ,$140, 6 ,$100, - ,-, - ,-, - ,-, 6 ,$160, 5 ,$150, 6 ,$168, 6 ,$148, 6 ,$155, 9 ,$130, - ,-, - ,-, 5 ,$210, 6 ,$175, 5 ,$140, - ,-, 5 ,$170, - ,-, 5 ,$150, - ,-, - ,-, - ,-, - ,-, - ,-, - ,-, - ,-, 5 ,$160, 8 ,$200, 8 ,$203, 7 ,$170, 11 ,$200, 6 ,$193, 8 ,$210, 8 ,$235, 11 ,$250, 8 ,$210, 10 ,$220, 5 ,$200, 10 ,$255, 13 ,$185, 8 ,$245, 12 ,$220, 6 ,$235, 10 ,$250, 12 ,$245, 9 ,$240, 12 ,$235, 11 ,$250, 10 ,$260, 10 ,$255, 8 ,$228, 12 ,$250, 14 ,$250, 11 ,$250, 14 ,$250, 14 ,$250, 5 ,$255, 6 ,$250, 9 ,$250, 10 ,$290, 17 ,$260, 13 ,$260, 8 ,$268, 5 ,$300, 11 ,$340, 14 ,$300, 7 ,$290, 11 ,$270, 7 ,$300
,West Wimmera, 5 ,$80, 7 ,$90, - ,-, - ,-, - ,-, - ,-, - ,-, - ,-, - ,-, 5 ,$85, - ,-, - ,-, - ,-, - ,-, 6 ,$98, - ,-, - ,-, - ,-, - ,-, - ,-, - ,-, 6 ,$110, - ,-, 5 ,$115, 5 ,$110, - ,-, - ,-, - ,-, 5 ,$120, - ,-, 5 ,$120, - ,-, - ,-, 6 ,$120, - ,-, 5 ,$130, - ,-, - ,-, - ,-, - ,-, - ,-, - ,-, 5 ,$150, - ,-, - ,-, - ,-, 7 ,$145, 6 ,$150, - ,-, 6 ,$151, - ,-, - ,-, - ,-, - ,-, - ,-, - ,-, - ,-, - ,-, - ,-, - ,-, - ,-, - ,-, 5 ,$165, - ,-, - ,-, - ,-, - ,-, - ,-, - ,-, - ,-, - ,-, - ,-, 5 ,$200, - ,-, 5 ,$175, 7 ,$180, 5 ,$200, 5 ,$180, 2 ,$183, 3 ,$180, 7 ,$200, 3 ,$200, 2 ,$150, 9 ,$180, 4 ,$190, 3 ,$210
,Yarriambiack, 9 ,$90, 8 ,$80, 7 ,$80, 7 ,$90, 7 ,$80, 5 ,$90, 8 ,$90, 14 ,$90, - ,-, - ,-, - ,-, 11 ,$100, 5 ,$90, - ,-, 8 ,$108, - ,-, 12 ,$100, 8 ,$100, 6 ,$118, 12 ,$105, 11 ,$110, 9 ,$110, 12 ,$111, 9 ,$110, 8 ,$110, 13 ,$110, 11 ,$110, 9 ,$120, 11 ,$110, 12 ,$138, 12 ,$135, 17 ,$130, 14 ,$130, 8 ,$133, 14 ,$150, 17 ,$140, 22 ,$135, 14 ,$135, 16 ,$140, 20 ,$148, 16 ,$140, 18 ,$130, 19 ,$140, 17 ,$140, 11 ,$140, 16 ,$160, 12 ,$150, 20 ,$150, 20 ,$155, 21 ,$150, 15 ,$150, 15 ,$155, 15 ,$150, 22 ,$150, 11 ,$170, 15 ,$150, 11 ,$150, 17 ,$175, 10 ,$153, 23 ,$165, 10 ,$158, 17 ,$165, 11 ,$160, 20 ,$170, 23 ,$170, 15 ,$170, 11 ,$180, 20 ,$178, 24 ,$175, 13 ,$170, 12 ,$173, 19 ,$180, 12 ,$175, 9 ,$175, 14 ,$180, 14 ,$180, 10 ,$190, 13 ,$200, 9 ,$190, 13 ,$185, 14 ,$195, 14 ,$205, 11 ,$190, 12 ,$200, 10 ,$200, 6 ,$200
,Group Total, 512 ,$135, 556 ,$140, 508 ,$135, 720 ,$140, 497 ,$140, 547 ,$140, 500 ,$150, 615 ,$150, 434 ,$150, 455 ,$150, 493 ,$150, 582 ,$159, 488 ,$165, 492 ,$160, 505 ,$165, 667 ,$165, 574 ,$170, 545 ,$170, 590 ,$170, 672 ,$180, 494 ,$175, 563 ,$175, 573 ,$180, 708 ,$180, 573 ,$180, 605 ,$185, 529 ,$180, 642 ,$190, 532 ,$183, 576 ,$185, 557 ,$190, 692 ,$190, 531 ,$195, 590 ,$193, 608 ,$200, 734 ,$201, 618 ,$210, 585 ,$210, 610 ,$220, 755 ,$220, 649 ,$220, 613 ,$220, 650 ,$230, 722 ,$235, 646 ,$235, 674 ,$240, 672 ,$240, 787 ,$250, 675 ,$260, 719 ,$250, 671 ,$260, 794 ,$269, 728 ,$260, 724 ,$260, 769 ,$270, 835 ,$265, 767 ,$270, 763 ,$270, 706 ,$270, 807 ,$275, 701 ,$270, 807 ,$270, 804 ,$270, 861 ,$275, 751 ,$275, 787 ,$270, 814 ,$275, 874 ,$280, 788 ,$275, 845 ,$280, 765 ,$280, 894 ,$285, 740 ,$285, 774 ,$290, 749 ,$290, 834 ,$295, 723 ,$295, 781 ,$300, 702 ,$310, 781 ,$320, 733 ,$320, 752 ,$320, 736 ,$320, 782 ,$330, 765 ,$320, 716 ,$320
Loddon Mallee,Buloke, 6 ,$85, 6 ,$95, - ,-, 6 ,$85, - ,-, - ,-, - ,-, 10 ,$95, - ,-, - ,-, - ,-, 5 ,$100, - ,-, - ,-, 6 ,$105, 7 ,$110, - ,-, - ,-, 7 ,$110, 8 ,$110, - ,-, 8 ,$110, 7 ,$120, - ,-, 9 ,$120, - ,-, - ,-, 6 ,$113, 5 ,$125, - ,-, - ,-, - ,-, - ,-, 6 ,$130, - ,-, 10 ,$138, 5 ,$160, 6 ,$150, 8 ,$165, 13 ,$160, - ,-, 9 ,$140, 9 ,$150, 8 ,$148, 13 ,$160, 7 ,$145, 5 ,$150, 6 ,$155, - ,-, 8 ,$163, 9 ,$170, 14 ,$150, 5 ,$150, 11 ,$170, 9 ,$170, 10 ,$165, 9 ,$180, 9 ,$170, 5 ,$200, 10 ,$165, - ,-, 7 ,$180, 13 ,$175, 13 ,$190, 5 ,$175, 10 ,$180, 5 ,$190, 6 ,$195, 12 ,$183, 8 ,$180, 8 ,$180, 5 ,$200, 6 ,$188, 9 ,$180, 13 ,$180, 10 ,$200, 8 ,$200, 13 ,$195, 7 ,$200, 11 ,$220, 10 ,$210, 9 ,$190, 9 ,$205, 12 ,$235, 7 ,$200, 4 ,$215
,Campaspe, 93 ,$145, 79 ,$150, 111 ,$145, 87 ,$150, 94 ,$160, 83 ,$150, 84 ,$150, 94 ,$150, 69 ,$155, 85 ,$160, 101 ,$155, 83 ,$170, 60 ,$160, 94 ,$173, 74 ,$163, 98 ,$160, 85 ,$180, 100 ,$180, 103 ,$185, 107 ,$185, 80 ,$180, 108 ,$180, 104 ,$180, 96 ,$190, 89 ,$185, 128 ,$185, 70 ,$175, 109 ,$180, 80 ,$180, 94 ,$190, 99 ,$190, 100 ,$190, 83 ,$190, 110 ,$195, 99 ,$210, 130 ,$210, 102 ,$203, 118 ,$200, 105 ,$210, 119 ,$210, 123 ,$205, 114 ,$200, 96 ,$218, 119 ,$210, 109 ,$225, 113 ,$230, 93 ,$210, 124 ,$220, 109 ,$225, 111 ,$220, 93 ,$240, 95 ,$240, 97 ,$250, 93 ,$230, 97 ,$240, 106 ,$235, 87 ,$250, 102 ,$230, 91 ,$250, 87 ,$240, 94 ,$258, 88 ,$250, 99 ,$260, 99 ,$270, 90 ,$258, 97 ,$267, 91 ,$270, 81 ,$285, 91 ,$280, 94 ,$290, 95 ,$300, 101 ,$280, 115 ,$280, 97 ,$280, 87 ,$280, 105 ,$300, 96 ,$280, 105 ,$290, 68 ,$290, 104 ,$300, 100 ,$300, 92 ,$310, 86 ,$305, 101 ,$310, 88 ,$320, 72 ,$325
,Central Goldfields, 26 ,$113, 25 ,$120, 28 ,$110, 41 ,$120, 30 ,$115, 26 ,$113, 20 ,$120, 29 ,$120, 20 ,$120, 24 ,$123, 26 ,$128, 25 ,$125, 13 ,$130, 28 ,$128, 24 ,$130, 37 ,$130, 26 ,$140, 28 ,$138, 29 ,$140, 25 ,$140, 24 ,$145, 28 ,$150, 30 ,$153, 45 ,$145, 26 ,$150, 32 ,$145, 25 ,$140, 35 ,$155, 26 ,$150, 30 ,$150, 29 ,$145, 29 ,$150, 32 ,$153, 23 ,$150, 28 ,$160, 24 ,$163, 33 ,$159, 21 ,$180, 38 ,$171, 34 ,$175, 33 ,$170, 43 ,$180, 39 ,$180, 36 ,$190, 30 ,$183, 32 ,$190, 32 ,$195, 37 ,$195, 30 ,$215, 29 ,$220, 36 ,$220, 37 ,$230, 38 ,$230, 35 ,$220, 29 ,$235, 46 ,$240, 26 ,$238, 26 ,$245, 22 ,$240, 32 ,$240, 31 ,$240, 33 ,$240, 37 ,$230, 35 ,$240, 46 ,$250, 43 ,$240, 45 ,$230, 39 ,$250, 50 ,$238, 36 ,$240, 42 ,$235, 38 ,$250, 38 ,$240, 43 ,$240, 28 ,$240, 40 ,$250, 35 ,$255, 29 ,$255, 22 ,$268, 23 ,$260, 31 ,$265, 42 ,$265, 26 ,$268, 29 ,$280, 36 ,$260, 26 ,$290
,Gannawarra, 30 ,$113, 27 ,$115, 25 ,$120, 38 ,$110, 25 ,$110, 23 ,$110, 21 ,$110, 25 ,$100, 25 ,$110, 27 ,$120, 19 ,$120, 24 ,$120, 26 ,$120, 16 ,$120, 25 ,$116, 33 ,$120, 23 ,$120, 27 ,$120, 21 ,$125, 27 ,$120, 20 ,$120, 25 ,$120, 19 ,$120, 31 ,$130, 29 ,$130, 28 ,$130, 21 ,$130, 34 ,$130, 29 ,$135, 24 ,$140, 21 ,$150, 38 ,$140, 37 ,$145, 23 ,$145, 31 ,$150, 43 ,$150, 26 ,$148, 20 ,$155, 26 ,$150, 26 ,$155, 35 ,$150, 37 ,$155, 26 ,$150, 33 ,$155, 36 ,$160, 25 ,$160, 36 ,$153, 42 ,$153, 34 ,$170, 37 ,$170, 24 ,$163, 30 ,$163, 29 ,$180, 25 ,$170, 19 ,$180, 35 ,$170, 29 ,$160, 30 ,$180, 33 ,$180, 31 ,$170, 32 ,$185, 20 ,$188, 27 ,$190, 32 ,$210, 37 ,$200, 24 ,$190, 33 ,$200, 36 ,$188, 26 ,$200, 33 ,$200, 19 ,$200, 26 ,$200, 28 ,$200, 28 ,$230, 40 ,$205, 21 ,$210, 24 ,$198, 25 ,$210, 29 ,$250, 30 ,$228, 28 ,$230, 23 ,$230, 32 ,$228, 30 ,$223, 20 ,$255, 20 ,$230
,Greater Bendigo, 282 ,$145, 257 ,$150, 272 ,$150, 414 ,$150, 274 ,$150, 309 ,$150, 240 ,$154, 314 ,$155, 260 ,$155, 234 ,$165, 267 ,$160, 324 ,$170, 245 ,$170, 242 ,$170, 258 ,$180, 362 ,$180, 274 ,$180, 305 ,$185, 337 ,$190, 401 ,$190, 259 ,$190, 301 ,$195, 330 ,$200, 377 ,$200, 316 ,$195, 298 ,$200, 311 ,$200, 374 ,$200, 307 ,$200, 319 ,$215, 294 ,$210, 374 ,$215, 295 ,$210, 335 ,$220, 319 ,$220, 422 ,$220, 404 ,$230, 378 ,$220, 357 ,$230, 394 ,$240, 323 ,$235, 333 ,$240, 337 ,$240, 378 ,$250, 303 ,$250, 351 ,$260, 346 ,$270, 387 ,$270, 312 ,$278, 368 ,$280, 360 ,$280, 410 ,$290, 348 ,$290, 370 ,$290, 387 ,$290, 415 ,$290, 411 ,$280, 446 ,$290, 421 ,$290, 450 ,$290, 423 ,$290, 435 ,$280, 450 ,$290, 513 ,$295, 470 ,$285, 459 ,$280, 462 ,$290, 474 ,$290, 441 ,$285, 469 ,$290, 441 ,$295, 507 ,$295, 382 ,$300, 392 ,$300, 405 ,$300, 412 ,$303, 390 ,$308, 411 ,$305, 369 ,$310, 374 ,$315, 349 ,$315, 340 ,$325, 371 ,$330, 393 ,$340, 324 ,$330, 300 ,$340
,Loddon, 12 ,$88, 8 ,$95, 10 ,$100, - ,-, 9 ,$95, 9 ,$100, 9 ,$95, 9 ,$100, 5 ,$100, 6 ,$90, 6 ,$100, 11 ,$115, 7 ,$100, - ,-, 7 ,$100, 12 ,$110, 12 ,$120, - ,-, 8 ,$110, 10 ,$123, 9 ,$120, 7 ,$120, 10 ,$118, 8 ,$130, 9 ,$115, 7 ,$140, 9 ,$130, 12 ,$127, 9 ,$140, 5 ,$129, 8 ,$130, 11 ,$140, 10 ,$138, 7 ,$140, 12 ,$145, - ,-, 11 ,$140, 6 ,$145, 10 ,$148, 10 ,$145, 6 ,$168, 10 ,$145, 11 ,$150, - ,-, 8 ,$148, 7 ,$175, 9 ,$160, 7 ,$170, - ,-, 13 ,$160, 7 ,$175, 8 ,$190, 7 ,$195, 6 ,$165, 9 ,$175, 11 ,$190, 12 ,$183, 7 ,$185, 7 ,$165, 10 ,$183, 8 ,$180, 6 ,$168, 8 ,$200, 10 ,$175, 7 ,$180, 9 ,$190, 13 ,$200, 9 ,$190, 8 ,$188, 9 ,$200, - ,-, 9 ,$185, 8 ,$215, 5 ,$190, 10 ,$190, 8 ,$220, 9 ,$200, 11 ,$240, 7 ,$230, 12 ,$208, 9 ,$200, 8 ,$255, 6 ,$270, 10 ,$215, 6 ,$250, 8 ,$260
,Macedon Ranges, 58 ,$150, 79 ,$150, 56 ,$160, 60 ,$150, 62 ,$160, 64 ,$172, 62 ,$173, 69 ,$180, 55 ,$165, 78 ,$178, 67 ,$165, 62 ,$180, 78 ,$180, 70 ,$180, 71 ,$180, 86 ,$190, 80 ,$198, 92 ,$200, 82 ,$203, 95 ,$205, 71 ,$200, 97 ,$200, 73 ,$205, 82 ,$200, 87 ,$210, 96 ,$203, 89 ,$220, 92 ,$210, 87 ,$220, 92 ,$217, 78 ,$215, 87 ,$220, 87 ,$230, 82 ,$223, 86 ,$230, 86 ,$235, 86 ,$248, 79 ,$250, 84 ,$253, 100 ,$265, 86 ,$263, 97 ,$270, 77 ,$280, 91 ,$280, 64 ,$295, 80 ,$300, 79 ,$325, 95 ,$320, 66 ,$320, 81 ,$335, 91 ,$320, 66 ,$329, 77 ,$320, 91 ,$340, 85 ,$340, 104 ,$350, 101 ,$330, 77 ,$350, 97 ,$350, 79 ,$350, 91 ,$330, 101 ,$350, 86 ,$350, 81 ,$350, 90 ,$378, 100 ,$360, 95 ,$365, 92 ,$363, 96 ,$373, 88 ,$350, 75 ,$360, 86 ,$380, 70 ,$380, 91 ,$380, 65 ,$380, 77 ,$420, 68 ,$410, 71 ,$400, 69 ,$420, 65 ,$430, 59 ,$450, 71 ,$400, 72 ,$415, 72 ,$428, 58 ,$430, 50 ,$438
,Mildura, 133 ,$150, 107 ,$155, 116 ,$165, 136 ,$160, 138 ,$160, 142 ,$165, 137 ,$175, 155 ,$170, 137 ,$170, 120 ,$168, 142 ,$170, 161 ,$175, 150 ,$180, 146 ,$180, 150 ,$180, 169 ,$180, 153 ,$180, 143 ,$180, 144 ,$180, 170 ,$190, 145 ,$190, 160 ,$190, 168 ,$185, 176 ,$195, 159 ,$195, 167 ,$200, 145 ,$195, 181 ,$200, 154 ,$195, 178 ,$200, 166 ,$203, 195 ,$210, 170 ,$220, 184 ,$210, 158 ,$210, 211 ,$210, 224 ,$210, 209 ,$200, 194 ,$215, 233 ,$220, 189 ,$210, 196 ,$220, 211 ,$220, 209 ,$220, 207 ,$220, 209 ,$230, 225 ,$230, 212 ,$230, 187 ,$235, 216 ,$250, 197 ,$240, 239 ,$250, 194 ,$240, 196 ,$250, 182 ,$250, 183 ,$250, 186 ,$250, 207 ,$260, 174 ,$255, 184 ,$260, 171 ,$270, 200 ,$263, 194 ,$260, 202 ,$265, 190 ,$270, 201 ,$280, 182 ,$280, 220 ,$285, 208 ,$280, 245 ,$290, 221 ,$290, 201 ,$300, 179 ,$290, 219 ,$295, 199 ,$290, 202 ,$300, 188 ,$310, 170 ,$303, 189 ,$310, 198 ,$310, 174 ,$323, 216 ,$310, 209 ,$330, 171 ,$330, 160 ,$320, 147 ,$340
,Mount Alexander, 46 ,$128, 47 ,$130, 48 ,$125, 41 ,$135, 36 ,$135, 37 ,$135, 41 ,$135, 55 ,$140, 48 ,$140, 50 ,$143, 49 ,$150, 41 ,$150, 41 ,$150, 51 ,$160, 49 ,$160, 56 ,$160, 48 ,$160, 46 ,$165, 32 ,$170, 43 ,$170, 34 ,$185, 50 ,$180, 46 ,$180, 63 ,$185, 56 ,$185, 66 ,$183, 52 ,$188, 61 ,$185, 32 ,$185, 39 ,$200, 52 ,$198, 61 ,$195, 49 ,$190, 48 ,$205, 56 ,$203, 42 ,$228, 42 ,$223, 32 ,$223, 44 ,$223, 61 ,$230, 53 ,$220, 47 ,$230, 38 ,$230, 52 ,$260, 30 ,$258, 47 ,$265, 49 ,$265, 44 ,$280, 31 ,$270, 43 ,$290, 44 ,$273, 53 ,$300, 47 ,$295, 35 ,$300, 40 ,$300, 32 ,$320, 45 ,$300, 51 ,$310, 43 ,$300, 48 ,$310, 39 ,$320, 46 ,$305, 43 ,$300, 49 ,$310, 37 ,$300, 57 ,$300, 49 ,$310, 47 ,$320, 41 ,$320, 46 ,$310, 36 ,$320, 35 ,$330, 43 ,$320, 40 ,$338, 45 ,$350, 46 ,$330, 37 ,$335, 38 ,$350, 35 ,$350, 28 ,$350, 37 ,$350, 33 ,$345, 36 ,$348, 43 ,$360, 39 ,$350, 42 ,$373
,Swan Hill, 59 ,$140, 59 ,$145, 56 ,$140, 56 ,$140, 55 ,$145, 62 ,$140, 62 ,$145, 58 ,$148, 45 ,$150, 50 ,$150, 45 ,$145, 55 ,$155, 42 ,$150, 68 ,$150, 59 ,$150, 67 ,$155, 49 ,$155, 62 ,$160, 51 ,$160, 62 ,$160, 51 ,$160, 55 ,$160, 45 ,$185, 55 ,$170, 47 ,$175, 64 ,$165, 56 ,$188, 75 ,$185, 49 ,$180, 54 ,$180, 51 ,$190, 75 ,$200, 37 ,$195, 53 ,$180, 43 ,$195, 79 ,$200, 76 ,$203, 52 ,$200, 62 ,$193, 68 ,$200, 61 ,$200, 56 ,$215, 56 ,$200, 63 ,$230, 51 ,$200, 65 ,$215, 59 ,$220, 53 ,$215, 67 ,$220, 55 ,$220, 63 ,$230, 52 ,$230, 69 ,$225, 68 ,$228, 65 ,$225, 59 ,$250, 45 ,$250, 52 ,$230, 54 ,$248, 56 ,$250, 54 ,$250, 51 ,$250, 58 ,$250, 49 ,$250, 63 ,$250, 44 ,$268, 54 ,$240, 55 ,$260, 70 ,$260, 47 ,$265, 43 ,$270, 46 ,$270, 57 ,$260, 53 ,$270, 37 ,$280, 40 ,$263, 42 ,$262, 40 ,$278, 51 ,$280, 49 ,$290, 51 ,$300, 47 ,$280, 54 ,$300, 40 ,$300, 34 ,$320, 31 ,$300
,Group Total, 745 ,$140, 694 ,$145, 725 ,$145, 882 ,$145, 727 ,$150, 758 ,$150, 677 ,$150, 818 ,$150, 665 ,$155, 677 ,$160, 726 ,$160, 791 ,$165, 665 ,$165, 721 ,$165, 723 ,$170, 927 ,$170, 754 ,$180, 807 ,$180, 814 ,$180, 948 ,$185, 696 ,$185, 839 ,$185, 832 ,$190, 937 ,$190, 827 ,$190, 890 ,$190, 779 ,$195, 979 ,$195, 778 ,$195, 839 ,$200, 801 ,$200, 971 ,$200, 803 ,$200, 871 ,$210, 833 ,$210," 1,051 ",$215," 1,009 ",$220, 921 ,$212, 928 ,$220," 1,058 ",$225, 913 ,$220, 942 ,$225, 900 ,$230, 993 ,$240, 851 ,$230, 936 ,$240, 933 ,$250," 1,007 ",$250, 844 ,$250, 961 ,$260, 924 ,$260," 1,004 ",$270, 911 ,$260, 930 ,$270, 922 ,$270," 1,001 ",$280, 951 ,$270," 1,007 ",$275, 947 ,$280, 987 ,$280, 945 ,$280, 987 ,$280," 1,015 ",$280," 1,083 ",$285," 1,035 ",$280," 1,044 ",$280," 1,029 ",$280," 1,059 ",$290," 1,043 ",$280," 1,075 ",$290, 983 ,$295," 1,054 ",$300, 926 ,$290, 977 ,$300, 929 ,$295, 961 ,$300, 897 ,$300, 913 ,$300, 846 ,$310, 894 ,$310, 848 ,$318, 881 ,$320, 901 ,$330, 901 ,$330, 772 ,$320, 700 ,$340
Hume,Alpine, 33 ,$125, 35 ,$130, 23 ,$125, 40 ,$130, 37 ,$140, 23 ,$140, 34 ,$135, 29 ,$125, 31 ,$140, 38 ,$145, 30 ,$137, 41 ,$130, 39 ,$140, 29 ,$145, 26 ,$153, 39 ,$150, 41 ,$145, 28 ,$150, 30 ,$160, 34 ,$160, 28 ,$165, 35 ,$175, 32 ,$150, 32 ,$175, 43 ,$160, 45 ,$180, 39 ,$185, 41 ,$180, 32 ,$190, 32 ,$185, 36 ,$190, 52 ,$198, 44 ,$220, 33 ,$200, 46 ,$190, 49 ,$190, 59 ,$200, 38 ,$205, 35 ,$200, 37 ,$210, 44 ,$220, 32 ,$225, 36 ,$220, 36 ,$233, 48 ,$230, 30 ,$220, 40 ,$215, 44 ,$230, 42 ,$230, 26 ,$230, 42 ,$250, 49 ,$240, 38 ,$230, 44 ,$245, 34 ,$235, 48 ,$250, 39 ,$240, 36 ,$260, 36 ,$250, 50 ,$260, 40 ,$250, 32 ,$260, 42 ,$270, 44 ,$270, 38 ,$273, 45 ,$270, 41 ,$265, 40 ,$293, 42 ,$273, 37 ,$290, 56 ,$290, 37 ,$295, 45 ,$295, 38 ,$295, 32 ,$300, 31 ,$310, 37 ,$300, 40 ,$295, 31 ,$285, 33 ,$300, 44 ,$350, 34 ,$340, 35 ,$350, 30 ,$345, 43 ,$350, 37 ,$330
,Benalla, 45 ,$130, 32 ,$130, 49 ,$130, 43 ,$130, 42 ,$130, 46 ,$135, 35 ,$130, 48 ,$130, 40 ,$135, 34 ,$145, 40 ,$143, 41 ,$150, 33 ,$150, 43 ,$150, 33 ,$165, 36 ,$160, 28 ,$168, 46 ,$163, 36 ,$180, 39 ,$180, 43 ,$180, 39 ,$175, 35 ,$180, 41 ,$185, 34 ,$190, 31 ,$185, 30 ,$190, 45 ,$185, 32 ,$188, 28 ,$180, 43 ,$200, 41 ,$190, 37 ,$185, 41 ,$190, 38 ,$200, 52 ,$200, 37 ,$200, 39 ,$200, 40 ,$210, 49 ,$205, 35 ,$200, 34 ,$218, 39 ,$203, 44 ,$220, 51 ,$211, 38 ,$220, 40 ,$230, 52 ,$225, 57 ,$230, 50 ,$238, 45 ,$240, 51 ,$240, 42 ,$250, 46 ,$230, 47 ,$230, 43 ,$230, 55 ,$230, 39 ,$250, 44 ,$240, 43 ,$250, 32 ,$250, 45 ,$250, 59 ,$250, 48 ,$259, 52 ,$245, 39 ,$250, 43 ,$260, 61 ,$255, 37 ,$260, 50 ,$260, 46 ,$270, 41 ,$270, 43 ,$280, 42 ,$265, 41 ,$280, 48 ,$268, 44 ,$285, 48 ,$275, 35 ,$300, 42 ,$310, 47 ,$320, 42 ,$320, 44 ,$320, 50 ,$330, 31 ,$330, 29 ,$330
,Greater Shepparton, 201 ,$150, 232 ,$150, 219 ,$155, 200 ,$155, 197 ,$160, 242 ,$160, 159 ,$160, 181 ,$160, 168 ,$165, 199 ,$165, 191 ,$170, 188 ,$170, 209 ,$170, 193 ,$170, 182 ,$180, 195 ,$180, 202 ,$180, 184 ,$180, 183 ,$180, 217 ,$190, 169 ,$185, 186 ,$190, 194 ,$190, 229 ,$200, 179 ,$190, 198 ,$190, 186 ,$205, 171 ,$210, 164 ,$190, 197 ,$200, 168 ,$210, 173 ,$220, 167 ,$215, 206 ,$210, 167 ,$215, 211 ,$210, 208 ,$230, 194 ,$220, 224 ,$230, 211 ,$225, 190 ,$230, 191 ,$230, 189 ,$240, 185 ,$230, 211 ,$245, 200 ,$245, 190 ,$240, 200 ,$250, 186 ,$240, 200 ,$250, 203 ,$255, 209 ,$250, 215 ,$255, 197 ,$250, 204 ,$255, 213 ,$255, 209 ,$260, 224 ,$260, 167 ,$265, 187 ,$275, 208 ,$270, 176 ,$270, 223 ,$275, 222 ,$270, 215 ,$275, 210 ,$270, 223 ,$270, 230 ,$275, 184 ,$285, 190 ,$275, 215 ,$285, 230 ,$290, 218 ,$290, 227 ,$285, 213 ,$290, 213 ,$290, 181 ,$290, 206 ,$300, 166 ,$300, 198 ,$310, 210 ,$300, 173 ,$300, 195 ,$300, 203 ,$315, 177 ,$310, 171 ,$320
,Indigo, 23 ,$140, 37 ,$130, 20 ,$140, 33 ,$140, 39 ,$135, 39 ,$140, 30 ,$140, 30 ,$140, 28 ,$143, 30 ,$138, 34 ,$148, 38 ,$140, 32 ,$150, 34 ,$150, 38 ,$150, 28 ,$145, 35 ,$155, 28 ,$160, 42 ,$166, 30 ,$170, 28 ,$180, 28 ,$165, 32 ,$175, 28 ,$183, 30 ,$188, 38 ,$190, 37 ,$190, 41 ,$200, 26 ,$213, 31 ,$200, 27 ,$220, 35 ,$210, 34 ,$205, 31 ,$220, 42 ,$218, 24 ,$223, 35 ,$210, 31 ,$220, 29 ,$220, 36 ,$215, 37 ,$220, 29 ,$210, 27 ,$250, 38 ,$220, 37 ,$230, 20 ,$243, 34 ,$233, 37 ,$240, 26 ,$258, 35 ,$240, 38 ,$263, 43 ,$255, 44 ,$263, 30 ,$248, 35 ,$255, 42 ,$260, 37 ,$260, 27 ,$270, 37 ,$240, 41 ,$260, 29 ,$260, 29 ,$260, 28 ,$280, 40 ,$278, 39 ,$280, 37 ,$250, 44 ,$273, 39 ,$310, 21 ,$300, 33 ,$290, 34 ,$280, 27 ,$310, 24 ,$320, 30 ,$285, 25 ,$305, 26 ,$310, 28 ,$325, 16 ,$310, 33 ,$310, 22 ,$328, 18 ,$305, 39 ,$330, 20 ,$350, 28 ,$330, 29 ,$320, 26 ,$340
,Mansfield, 16 ,$138, 11 ,$135, 15 ,$135, 17 ,$150, 8 ,$145, 16 ,$150, 19 ,$145, 20 ,$148, 20 ,$136, 8 ,$150, 15 ,$140, 15 ,$140, 18 ,$140, 15 ,$150, 14 ,$158, 17 ,$160, 17 ,$160, 16 ,$163, 24 ,$170, 15 ,$190, 21 ,$170, 16 ,$168, 22 ,$183, 25 ,$200, 22 ,$210, 16 ,$193, 19 ,$185, 25 ,$185, 28 ,$198, 14 ,$220, 7 ,$180, 20 ,$190, 31 ,$200, 15 ,$190, 19 ,$210, 34 ,$210, 21 ,$210, 24 ,$215, 16 ,$220, 16 ,$218, 22 ,$200, 18 ,$193, 16 ,$240, 14 ,$240, 29 ,$220, 10 ,$245, 15 ,$250, 21 ,$240, 13 ,$250, 18 ,$250, 14 ,$268, 22 ,$268, 20 ,$270, 12 ,$280, 14 ,$270, 20 ,$280, 11 ,$300, 18 ,$278, 9 ,$265, 13 ,$290, 26 ,$295, 17 ,$310, 23 ,$290, 21 ,$280, 24 ,$295, 16 ,$308, 18 ,$290, 20 ,$300, 26 ,$275, 23 ,$320, 21 ,$290, 22 ,$330, 19 ,$330, 19 ,$300, 22 ,$345, 20 ,$335, 24 ,$345, 12 ,$323, 20 ,$350, 16 ,$350, 27 ,$375, 13 ,$350, 22 ,$360, 23 ,$370, 31 ,$380, 23 ,$380
,Mitchell, 64 ,$133, 79 ,$135, 76 ,$135, 79 ,$139, 67 ,$150, 85 ,$135, 68 ,$150, 81 ,$140, 74 ,$150, 77 ,$150, 77 ,$155, 66 ,$153, 70 ,$165, 70 ,$158, 75 ,$165, 76 ,$170, 79 ,$170, 89 ,$170, 96 ,$173, 91 ,$180, 64 ,$183, 100 ,$170, 81 ,$185, 74 ,$190, 94 ,$175, 75 ,$185, 87 ,$200, 91 ,$195, 101 ,$190, 87 ,$200, 79 ,$200, 105 ,$200, 91 ,$205, 94 ,$210, 75 ,$230, 111 ,$200, 73 ,$230, 72 ,$228, 89 ,$240, 90 ,$240, 67 ,$240, 77 ,$240, 84 ,$240, 65 ,$265, 70 ,$250, 81 ,$260, 79 ,$277, 80 ,$270, 61 ,$280, 96 ,$275, 76 ,$280, 100 ,$290, 82 ,$300, 80 ,$290, 97 ,$290, 88 ,$290, 99 ,$280, 93 ,$295, 81 ,$280, 108 ,$280, 80 ,$290, 110 ,$280, 105 ,$280, 125 ,$290, 83 ,$290, 87 ,$310, 93 ,$300, 102 ,$290, 95 ,$300, 126 ,$295, 93 ,$295, 106 ,$303, 101 ,$310, 85 ,$320, 83 ,$320, 82 ,$330, 111 ,$330, 94 ,$335, 102 ,$330, 88 ,$330, 81 ,$340, 121 ,$340, 114 ,$332, 93 ,$350, 87 ,$340, 81 ,$350
,Moira, 81 ,$130, 82 ,$130, 87 ,$135, 58 ,$130, 69 ,$130, 58 ,$130, 68 ,$135, 58 ,$140, 69 ,$145, 64 ,$140, 47 ,$140, 45 ,$140, 59 ,$150, 60 ,$150, 54 ,$150, 49 ,$150, 57 ,$160, 68 ,$155, 60 ,$170, 68 ,$173, 57 ,$180, 53 ,$175, 54 ,$170, 71 ,$180, 69 ,$180, 62 ,$180, 61 ,$180, 66 ,$190, 76 ,$180, 69 ,$180, 51 ,$180, 69 ,$180, 73 ,$190, 84 ,$200, 79 ,$200, 75 ,$190, 84 ,$203, 78 ,$200, 78 ,$198, 81 ,$200, 89 ,$203, 100 ,$200, 89 ,$210, 105 ,$220, 89 ,$220, 85 ,$220, 82 ,$233, 82 ,$208, 92 ,$220, 85 ,$230, 83 ,$245, 87 ,$240, 88 ,$240, 71 ,$240, 78 ,$259, 78 ,$250, 96 ,$240, 88 ,$243, 80 ,$250, 86 ,$250, 77 ,$265, 92 ,$240, 81 ,$250, 84 ,$260, 89 ,$255, 76 ,$270, 81 ,$260, 103 ,$270, 95 ,$280, 91 ,$265, 78 ,$273, 96 ,$260, 92 ,$270, 95 ,$275, 83 ,$280, 82 ,$270, 84 ,$280, 76 ,$290, 64 ,$300, 75 ,$300, 74 ,$300, 79 ,$290, 67 ,$300, 84 ,$295, 69 ,$310, 59 ,$305
,Murrindindi, 29 ,$125, 30 ,$120, 23 ,$125, 33 ,$125, 28 ,$130, 33 ,$125, 26 ,$125, 27 ,$125, 19 ,$140, 25 ,$130, 29 ,$140, 20 ,$130, 27 ,$130, 29 ,$135, 22 ,$150, 27 ,$145, 28 ,$153, 25 ,$150, 26 ,$155, 33 ,$155, 27 ,$160, 29 ,$155, 36 ,$180, 26 ,$170, 34 ,$170, 26 ,$180, 26 ,$178, 34 ,$180, 17 ,$180, 29 ,$180, 22 ,$180, 40 ,$188, 28 ,$210, 29 ,$200, 28 ,$205, 34 ,$193, 32 ,$210, 38 ,$205, 41 ,$220, 46 ,$226, 29 ,$230, 29 ,$250, 24 ,$240, 25 ,$225, 34 ,$233, 24 ,$238, 24 ,$240, 38 ,$250, 24 ,$285, 29 ,$225, 39 ,$245, 36 ,$260, 24 ,$240, 26 ,$273, 29 ,$260, 30 ,$240, 33 ,$250, 32 ,$240, 28 ,$260, 35 ,$280, 32 ,$253, 27 ,$250, 31 ,$280, 31 ,$260, 32 ,$283, 30 ,$250, 29 ,$270, 30 ,$280, 38 ,$280, 24 ,$275, 27 ,$295, 36 ,$300, 26 ,$300, 34 ,$290, 33 ,$300, 36 ,$320, 24 ,$335, 34 ,$300, 22 ,$300, 22 ,$300, 24 ,$320, 38 ,$300, 27 ,$320, 30 ,$320, 33 ,$340, 19 ,$360
,Strathbogie, 19 ,$112, 18 ,$115, 17 ,$110, 17 ,$115, 10 ,$123, 14 ,$114, 12 ,$108, 11 ,$125, 19 ,$112, 20 ,$120, 13 ,$120, 24 ,$120, 10 ,$128, 16 ,$140, 13 ,$140, 28 ,$140, 18 ,$140, 17 ,$140, 17 ,$145, 10 ,$133, 9 ,$150, 16 ,$153, 20 ,$153, 26 ,$150, 23 ,$160, 28 ,$153, 16 ,$160, 28 ,$178, 19 ,$155, 22 ,$160, 17 ,$180, 22 ,$178, 11 ,$180, 28 ,$170, 21 ,$180, 18 ,$173, 30 ,$188, 22 ,$195, 17 ,$200, 26 ,$188, 32 ,$180, 25 ,$185, 15 ,$210, 27 ,$210, 25 ,$200, 31 ,$200, 21 ,$250, 24 ,$230, 20 ,$235, 26 ,$230, 23 ,$240, 36 ,$250, 26 ,$240, 34 ,$250, 26 ,$235, 30 ,$230, 27 ,$250, 28 ,$250, 24 ,$255, 27 ,$260, 18 ,$278, 21 ,$235, 28 ,$300, 21 ,$250, 23 ,$250, 19 ,$260, 21 ,$285, 27 ,$280, 27 ,$270, 35 ,$250, 34 ,$280, 21 ,$280, 24 ,$285, 21 ,$300, 35 ,$280, 30 ,$300, 17 ,$320, 30 ,$330, 28 ,$300, 30 ,$293, 27 ,$340, 27 ,$310, 26 ,$300, 26 ,$340, 34 ,$315, 23 ,$350
,Towong, 10 ,$120, 11 ,$100, 12 ,$123, 16 ,$120, 11 ,$100, 9 ,$130, 6 ,$91, 13 ,$110, 11 ,$110, - ,-, 8 ,$123, 7 ,$125, 9 ,$120, 11 ,$125, 6 ,$130, 13 ,$130, 13 ,$120, 6 ,$150, 10 ,$140, 12 ,$143, - ,-, 12 ,$135, 8 ,$160, 15 ,$130, 10 ,$150, 15 ,$150, 11 ,$150, 6 ,$130, 10 ,$155, 12 ,$150, 9 ,$140, 12 ,$140, 5 ,$200, 11 ,$150, 10 ,$140, 10 ,$145, 12 ,$155, 9 ,$160, 9 ,$160, 14 ,$153, 14 ,$165, 14 ,$180, 12 ,$190, 15 ,$200, 22 ,$170, 12 ,$205, 10 ,$215, 19 ,$200, 15 ,$175, 23 ,$185, 11 ,$180, 15 ,$210, 17 ,$190, 18 ,$195, 22 ,$190, 19 ,$200, 13 ,$190, 21 ,$220, 16 ,$195, 8 ,$245, 11 ,$225, 9 ,$200, 16 ,$215, 16 ,$228, 8 ,$208, 17 ,$200, 16 ,$250, 18 ,$235, 14 ,$220, 16 ,$230, 10 ,$238, 20 ,$233, 11 ,$240, 10 ,$278, 14 ,$255, 22 ,$255, 14 ,$250, 7 ,$260, 10 ,$263, 19 ,$250, 21 ,$280, 12 ,$260, 12 ,$265, 30 ,$265, 11 ,$300, 10 ,$300
,Wangaratta, 84 ,$135, 77 ,$140, 75 ,$135, 71 ,$140, 69 ,$145, 70 ,$140, 50 ,$150, 83 ,$140, 66 ,$145, 59 ,$140, 76 ,$150, 61 ,$150, 70 ,$150, 83 ,$150, 71 ,$155, 82 ,$155, 70 ,$160, 71 ,$155, 69 ,$170, 66 ,$165, 63 ,$165, 74 ,$170, 62 ,$180, 60 ,$188, 58 ,$180, 68 ,$178, 53 ,$195, 79 ,$185, 70 ,$200, 67 ,$180, 53 ,$185, 70 ,$195, 64 ,$190, 72 ,$200, 58 ,$200, 79 ,$210, 64 ,$200, 76 ,$208, 62 ,$210, 73 ,$210, 71 ,$210, 65 ,$220, 65 ,$225, 70 ,$228, 56 ,$230, 65 ,$225, 63 ,$240, 80 ,$230, 65 ,$240, 69 ,$235, 62 ,$260, 71 ,$250, 83 ,$245, 63 ,$240, 60 ,$258, 66 ,$260, 63 ,$260, 68 ,$260, 66 ,$260, 74 ,$265, 73 ,$285, 74 ,$275, 75 ,$260, 80 ,$275, 86 ,$273, 89 ,$270, 101 ,$275, 96 ,$280, 88 ,$275, 92 ,$270, 89 ,$285, 84 ,$290, 95 ,$285, 85 ,$290, 71 ,$270, 82 ,$310, 90 ,$290, 76 ,$300, 62 ,$303, 79 ,$320, 78 ,$310, 73 ,$300, 91 ,$320, 85 ,$330, 81 ,$320, 68 ,$320
,Wodonga, 107 ,$160, 126 ,$160, 131 ,$165, 165 ,$170, 118 ,$165, 124 ,$165, 128 ,$170, 138 ,$165, 103 ,$170, 119 ,$175, 106 ,$175, 149 ,$171, 117 ,$175, 126 ,$180, 130 ,$185, 149 ,$190, 108 ,$195, 144 ,$210, 156 ,$210, 156 ,$200, 114 ,$210, 119 ,$210, 134 ,$215, 159 ,$230, 124 ,$218, 149 ,$220, 112 ,$225, 131 ,$230, 110 ,$233, 111 ,$220, 125 ,$240, 130 ,$240, 128 ,$243, 130 ,$245, 143 ,$240, 169 ,$240, 149 ,$240, 161 ,$250, 132 ,$250, 127 ,$250, 114 ,$250, 132 ,$253, 103 ,$250, 131 ,$250, 159 ,$260, 118 ,$260, 131 ,$265, 146 ,$268, 138 ,$268, 147 ,$265, 139 ,$270, 157 ,$280, 162 ,$280, 159 ,$275, 156 ,$290, 170 ,$280, 154 ,$275, 157 ,$285, 152 ,$290, 170 ,$295, 136 ,$290, 170 ,$298, 190 ,$300, 163 ,$300, 149 ,$300, 132 ,$310, 194 ,$300, 173 ,$300, 155 ,$300, 158 ,$300, 155 ,$310, 172 ,$310, 153 ,$310, 144 ,$303, 152 ,$320, 164 ,$320, 147 ,$315, 152 ,$320, 148 ,$330, 146 ,$330, 139 ,$340, 141 ,$325, 142 ,$343, 139 ,$335, 140 ,$333, 106 ,$340
,Group Total, 712 ,$140, 770 ,$140, 747 ,$145, 772 ,$145, 695 ,$150, 759 ,$150, 635 ,$150, 719 ,$150, 648 ,$150, 677 ,$150, 666 ,$155, 695 ,$160, 693 ,$160, 709 ,$160, 664 ,$165, 739 ,$170, 696 ,$170, 722 ,$170, 749 ,$180, 771 ,$180, 627 ,$180, 707 ,$180, 710 ,$190, 786 ,$190, 720 ,$185, 751 ,$185, 677 ,$200, 758 ,$200, 685 ,$195, 699 ,$195, 637 ,$200, 769 ,$200, 713 ,$210, 774 ,$210, 726 ,$215, 866 ,$210, 804 ,$220, 782 ,$220, 772 ,$220, 806 ,$220, 744 ,$220, 746 ,$230, 699 ,$230, 755 ,$230, 831 ,$240, 714 ,$240, 729 ,$245, 823 ,$250, 739 ,$250, 804 ,$250, 775 ,$260, 876 ,$260, 841 ,$260, 780 ,$255, 802 ,$260, 847 ,$260, 836 ,$260, 831 ,$265, 740 ,$270, 842 ,$270, 762 ,$278, 802 ,$270, 901 ,$280, 895 ,$280, 838 ,$280, 797 ,$280, 904 ,$280, 939 ,$280, 822 ,$285, 875 ,$285, 858 ,$290, 892 ,$295, 851 ,$290, 830 ,$295, 804 ,$300, 836 ,$300, 801 ,$300, 791 ,$300, 721 ,$310, 770 ,$320, 790 ,$320, 792 ,$320, 795 ,$320, 821 ,$330, 766 ,$330, 652 ,$330
Gippsland,Bass Coast, 63 ,$115, 59 ,$120, 55 ,$120, 60 ,$125, 60 ,$125, 68 ,$125, 43 ,$125, 59 ,$130, 54 ,$130, 54 ,$140, 60 ,$130, 55 ,$145, 72 ,$145, 80 ,$150, 61 ,$140, 62 ,$150, 75 ,$160, 55 ,$155, 77 ,$160, 71 ,$160, 76 ,$163, 72 ,$160, 71 ,$170, 63 ,$170, 83 ,$180, 95 ,$170, 78 ,$170, 73 ,$180, 66 ,$180, 71 ,$180, 73 ,$180, 87 ,$180, 87 ,$185, 86 ,$188, 86 ,$180, 93 ,$200, 97 ,$200, 93 ,$210, 86 ,$220, 100 ,$210, 82 ,$220, 112 ,$220, 138 ,$248, 136 ,$290, 181 ,$300, 161 ,$300, 125 ,$300, 133 ,$325, 169 ,$345, 135 ,$330, 141 ,$320, 151 ,$320, 150 ,$280, 136 ,$260, 157 ,$250, 144 ,$260, 157 ,$248, 151 ,$250, 120 ,$250, 116 ,$250, 92 ,$270, 121 ,$260, 108 ,$270, 104 ,$270, 110 ,$260, 98 ,$260, 91 ,$270, 91 ,$270, 89 ,$280, 100 ,$280, 78 ,$290, 92 ,$280, 106 ,$290, 90 ,$293, 76 ,$295, 78 ,$298, 86 ,$318, 93 ,$315, 64 ,$315, 81 ,$320, 73 ,$320, 78 ,$328, 75 ,$330, 72 ,$330, 76 ,$340, 53 ,$350
,Baw Baw, 95 ,$135, 89 ,$135, 104 ,$135, 86 ,$135, 81 ,$140, 88 ,$135, 73 ,$140, 83 ,$140, 73 ,$150, 77 ,$150, 77 ,$150, 96 ,$155, 71 ,$160, 80 ,$160, 82 ,$163, 88 ,$160, 85 ,$175, 80 ,$175, 107 ,$170, 99 ,$180, 73 ,$180, 92 ,$180, 95 ,$180, 84 ,$185, 92 ,$185, 89 ,$180, 104 ,$185, 94 ,$190, 79 ,$190, 100 ,$190, 96 ,$190, 115 ,$190, 95 ,$195, 96 ,$200, 95 ,$195, 84 ,$210, 109 ,$210, 85 ,$210, 94 ,$230, 95 ,$220, 96 ,$230, 99 ,$230, 124 ,$240, 101 ,$240, 122 ,$250, 120 ,$250, 97 ,$260, 133 ,$260, 110 ,$258, 130 ,$269, 106 ,$273, 125 ,$270, 151 ,$265, 119 ,$270, 113 ,$275, 145 ,$275, 127 ,$270, 141 ,$275, 143 ,$280, 126 ,$280, 115 ,$280, 104 ,$290, 133 ,$280, 153 ,$295, 137 ,$285, 141 ,$290, 114 ,$300, 152 ,$300, 129 ,$300, 154 ,$300, 135 ,$300, 130 ,$310, 136 ,$310, 121 ,$320, 117 ,$320, 126 ,$330, 119 ,$330, 133 ,$330, 141 ,$340, 127 ,$340, 109 ,$340, 121 ,$330, 131 ,$330, 130 ,$350, 134 ,$340, 117 ,$350
,East Gippsland, 115 ,$130, 133 ,$130, 114 ,$130, 136 ,$130, 105 ,$130, 135 ,$135, 94 ,$130, 99 ,$135, 100 ,$135, 93 ,$140, 83 ,$140, 80 ,$145, 104 ,$149, 102 ,$150, 108 ,$150, 99 ,$160, 95 ,$160, 104 ,$160, 119 ,$170, 94 ,$163, 98 ,$180, 83 ,$170, 105 ,$180, 118 ,$183, 114 ,$180, 107 ,$180, 114 ,$180, 110 ,$190, 84 ,$180, 126 ,$180, 135 ,$190, 124 ,$190, 96 ,$200, 108 ,$210, 113 ,$200, 106 ,$215, 126 ,$210, 111 ,$220, 129 ,$215, 128 ,$220, 115 ,$220, 133 ,$220, 126 ,$230, 99 ,$240, 124 ,$230, 119 ,$235, 96 ,$245, 111 ,$249, 129 ,$250, 130 ,$255, 140 ,$255, 140 ,$260, 113 ,$265, 144 ,$260, 130 ,$270, 139 ,$260, 166 ,$260, 145 ,$270, 140 ,$270, 147 ,$274, 124 ,$280, 129 ,$280, 164 ,$270, 138 ,$275, 153 ,$285, 158 ,$280, 153 ,$280, 149 ,$280, 156 ,$290, 149 ,$285, 126 ,$290, 143 ,$290, 142 ,$290, 140 ,$300, 135 ,$290, 124 ,$300, 129 ,$300, 137 ,$310, 115 ,$300, 109 ,$310, 148 ,$320, 115 ,$310, 111 ,$320, 119 ,$315, 125 ,$310, 93 ,$320
,Latrobe, 235 ,$120, 217 ,$120, 201 ,$120, 265 ,$120, 205 ,$120, 222 ,$120, 198 ,$125, 217 ,$125, 183 ,$120, 201 ,$125, 186 ,$125, 246 ,$130, 206 ,$130, 230 ,$135, 191 ,$140, 257 ,$140, 257 ,$140, 231 ,$145, 238 ,$147, 297 ,$150, 224 ,$155, 250 ,$150, 235 ,$150, 246 ,$150, 270 ,$150, 256 ,$155, 235 ,$150, 278 ,$150, 225 ,$160, 234 ,$160, 222 ,$165, 279 ,$160, 261 ,$165, 268 ,$170, 285 ,$170, 271 ,$180, 220 ,$180, 275 ,$180, 233 ,$185, 287 ,$190, 232 ,$190, 243 ,$190, 247 ,$200, 261 ,$210, 246 ,$200, 268 ,$210, 257 ,$210, 273 ,$210, 260 ,$210, 299 ,$215, 255 ,$220, 313 ,$230, 281 ,$220, 300 ,$230, 272 ,$230, 304 ,$230, 284 ,$230, 282 ,$230, 293 ,$235, 315 ,$230, 270 ,$230, 312 ,$240, 269 ,$240, 319 ,$250, 332 ,$250, 298 ,$250, 308 ,$250, 360 ,$250, 345 ,$250, 352 ,$249, 294 ,$250, 373 ,$260, 304 ,$250, 318 ,$260, 330 ,$253, 335 ,$260, 277 ,$260, 294 ,$260, 267 ,$265, 270 ,$270, 228 ,$270, 230 ,$270, 251 ,$275, 249 ,$280, 235 ,$280, 210 ,$290
,South Gippsland, 63 ,$120, 73 ,$115, 62 ,$115, 73 ,$115, 60 ,$120, 71 ,$115, 54 ,$115, 63 ,$120, 52 ,$120, 51 ,$125, 41 ,$125, 55 ,$130, 52 ,$130, 65 ,$130, 52 ,$135, 54 ,$135, 53 ,$145, 57 ,$150, 62 ,$150, 50 ,$150, 51 ,$160, 62 ,$150, 42 ,$160, 57 ,$160, 64 ,$160, 52 ,$160, 55 ,$160, 55 ,$170, 68 ,$160, 42 ,$163, 54 ,$168, 63 ,$180, 45 ,$175, 57 ,$175, 56 ,$188, 61 ,$190, 64 ,$190, 79 ,$190, 57 ,$200, 77 ,$200, 43 ,$200, 78 ,$200, 64 ,$208, 90 ,$200, 85 ,$230, 93 ,$230, 76 ,$220, 79 ,$240, 68 ,$245, 81 ,$240, 76 ,$250, 77 ,$240, 74 ,$240, 74 ,$250, 79 ,$250, 88 ,$250, 88 ,$238, 99 ,$250, 71 ,$250, 86 ,$250, 82 ,$260, 70 ,$240, 78 ,$250, 70 ,$250, 89 ,$255, 85 ,$255, 71 ,$250, 76 ,$260, 78 ,$250, 96 ,$270, 85 ,$260, 65 ,$270, 88 ,$263, 72 ,$270, 65 ,$260, 74 ,$270, 72 ,$280, 74 ,$273, 59 ,$280, 58 ,$300, 66 ,$285, 73 ,$280, 53 ,$300, 66 ,$300, 69 ,$300, 51 ,$310
,Wellington, 138 ,$120, 151 ,$120, 117 ,$120, 165 ,$120, 106 ,$125, 107 ,$120, 128 ,$120, 109 ,$125, 98 ,$120, 99 ,$125, 109 ,$125, 124 ,$130, 81 ,$130, 92 ,$135, 106 ,$130, 96 ,$130, 94 ,$130, 91 ,$140, 116 ,$150, 90 ,$150, 87 ,$150, 118 ,$150, 114 ,$150, 107 ,$160, 113 ,$155, 105 ,$160, 88 ,$165, 122 ,$160, 103 ,$155, 114 ,$165, 98 ,$160, 109 ,$170, 117 ,$170, 112 ,$180, 96 ,$173, 101 ,$180, 110 ,$185, 112 ,$195, 89 ,$200, 134 ,$200, 112 ,$200, 90 ,$200, 119 ,$220, 110 ,$220, 96 ,$220, 105 ,$220, 109 ,$220, 116 ,$230, 108 ,$225, 134 ,$230, 103 ,$240, 116 ,$240, 110 ,$240, 136 ,$240, 121 ,$240, 120 ,$240, 124 ,$250, 106 ,$240, 108 ,$243, 124 ,$240, 112 ,$250, 142 ,$250, 135 ,$250, 140 ,$275, 168 ,$270, 144 ,$265, 143 ,$260, 151 ,$275, 140 ,$265, 162 ,$260, 137 ,$260, 185 ,$265, 134 ,$270, 144 ,$260, 137 ,$265, 178 ,$268, 145 ,$260, 150 ,$270, 124 ,$270, 138 ,$280, 119 ,$280, 104 ,$285, 112 ,$298, 128 ,$290, 94 ,$300, 85 ,$315
,Group Total, 709 ,$120, 722 ,$120, 653 ,$120, 785 ,$125, 617 ,$125, 691 ,$125, 590 ,$125, 630 ,$130, 560 ,$125, 575 ,$130, 556 ,$130, 656 ,$130, 586 ,$135, 649 ,$140, 600 ,$140, 656 ,$145, 659 ,$150, 618 ,$150, 719 ,$155, 701 ,$150, 609 ,$160, 677 ,$160, 662 ,$160, 675 ,$165, 736 ,$165, 704 ,$165, 674 ,$170, 732 ,$170, 625 ,$170, 687 ,$175, 678 ,$180, 777 ,$180, 701 ,$180, 727 ,$185, 731 ,$180, 716 ,$195, 726 ,$200, 755 ,$200, 688 ,$205, 821 ,$200, 680 ,$210, 755 ,$215, 818 ,$220, 797 ,$225, 854 ,$240, 866 ,$240, 760 ,$240, 845 ,$249, 844 ,$250, 909 ,$250, 821 ,$250, 922 ,$250, 879 ,$250, 909 ,$250, 872 ,$250, 940 ,$250, 946 ,$250, 924 ,$250, 875 ,$250, 914 ,$250, 795 ,$260, 878 ,$260, 887 ,$260, 924 ,$265, 989 ,$270, 924 ,$260, 880 ,$270, 979 ,$270, 937 ,$270," 1,013 ",$270, 855 ,$270, 988 ,$275, 910 ,$280, 885 ,$280, 860 ,$280, 915 ,$280, 828 ,$285, 881 ,$285, 770 ,$290, 783 ,$300, 743 ,$300, 721 ,$300, 733 ,$300, 764 ,$310, 733 ,$310, 609 ,$320
North and West Metro,Banyule, 164 ,$188, 156 ,$190, 204 ,$190, 213 ,$200, 195 ,$195, 200 ,$200, 167 ,$200, 223 ,$210, 198 ,$210, 195 ,$210, 203 ,$220, 251 ,$220, 184 ,$230, 212 ,$220, 221 ,$220, 247 ,$230, 199 ,$230, 200 ,$228, 230 ,$233, 236 ,$230, 168 ,$230, 186 ,$240, 210 ,$240, 248 ,$240, 196 ,$235, 195 ,$235, 194 ,$250, 207 ,$255, 188 ,$250, 186 ,$263, 153 ,$260, 235 ,$270, 164 ,$280, 170 ,$298, 199 ,$305, 210 ,$323, 215 ,$320, 185 ,$320, 192 ,$330, 255 ,$340, 212 ,$330, 241 ,$330, 245 ,$340, 296 ,$350, 227 ,$350, 256 ,$350, 275 ,$360, 293 ,$355, 231 ,$350, 278 ,$355, 273 ,$360, 310 ,$360, 207 ,$355, 259 ,$360, 253 ,$350, 295 ,$370, 252 ,$370, 272 ,$368, 273 ,$370, 310 ,$380, 203 ,$370, 291 ,$380, 276 ,$380, 325 ,$375, 261 ,$395, 260 ,$390, 298 ,$390, 339 ,$400, 274 ,$400, 330 ,$400, 265 ,$400, 363 ,$420, 272 ,$420, 315 ,$415, 302 ,$438, 342 ,$440, 249 ,$420, 323 ,$430, 294 ,$440, 352 ,$430, 284 ,$445, 277 ,$440, 267 ,$435, 295 ,$450, 236 ,$443, 223 ,$450
,Brimbank, 233 ,$160, 260 ,$160, 251 ,$165, 318 ,$165, 287 ,$170, 287 ,$170, 318 ,$170, 262 ,$170, 264 ,$175, 296 ,$175, 325 ,$175, 326 ,$175, 305 ,$180, 349 ,$180, 320 ,$180, 327 ,$180, 352 ,$180, 368 ,$180, 363 ,$180, 371 ,$180, 251 ,$182, 422 ,$185, 368 ,$190, 389 ,$185, 352 ,$190, 341 ,$185, 348 ,$190, 352 ,$190, 327 ,$200, 334 ,$200, 308 ,$200, 337 ,$210, 350 ,$220, 366 ,$225, 330 ,$230, 386 ,$240, 424 ,$250, 398 ,$265, 401 ,$275, 406 ,$280, 393 ,$280, 463 ,$280, 504 ,$290, 498 ,$290, 521 ,$300, 538 ,$300, 526 ,$300, 566 ,$300, 499 ,$300, 558 ,$300, 505 ,$300, 579 ,$300, 559 ,$300, 558 ,$300, 573 ,$300, 538 ,$300, 571 ,$300, 543 ,$310, 528 ,$310, 541 ,$320, 520 ,$315, 568 ,$320, 558 ,$322, 544 ,$320, 578 ,$330, 522 ,$330, 592 ,$330, 567 ,$330, 594 ,$333, 615 ,$345, 522 ,$340, 587 ,$350, 580 ,$350, 572 ,$350, 526 ,$350, 573 ,$350, 507 ,$360, 517 ,$370, 476 ,$370, 532 ,$365, 507 ,$370, 519 ,$370, 465 ,$370, 484 ,$370, 417 ,$370, 315 ,$370
,Darebin, 269 ,$180, 292 ,$180, 316 ,$190, 386 ,$200, 282 ,$198, 337 ,$195, 296 ,$200, 313 ,$210, 285 ,$210, 284 ,$210, 291 ,$220, 348 ,$220, 272 ,$220, 298 ,$210, 266 ,$220, 377 ,$220, 270 ,$218, 315 ,$230, 267 ,$220, 385 ,$235, 220 ,$225, 267 ,$220, 289 ,$240, 294 ,$240, 254 ,$235, 244 ,$240, 226 ,$233, 275 ,$250, 236 ,$250, 225 ,$250, 209 ,$270, 265 ,$280, 188 ,$280, 242 ,$300, 198 ,$290, 251 ,$300, 178 ,$325, 240 ,$350, 235 ,$350, 239 ,$360, 206 ,$350, 223 ,$350, 261 ,$350, 296 ,$360, 221 ,$360, 249 ,$375, 270 ,$370, 253 ,$370, 255 ,$365, 259 ,$400, 269 ,$390, 315 ,$400, 237 ,$370, 287 ,$370, 269 ,$380, 339 ,$395, 261 ,$390, 247 ,$380, 262 ,$420, 294 ,$400, 271 ,$410, 275 ,$420, 322 ,$430, 308 ,$413, 275 ,$410, 307 ,$420, 323 ,$435, 354 ,$450, 330 ,$450, 309 ,$420, 304 ,$440, 341 ,$460, 266 ,$450, 320 ,$460, 282 ,$480, 378 ,$480, 282 ,$480, 322 ,$500, 299 ,$480, 327 ,$495, 278 ,$510, 277 ,$460, 266 ,$488, 294 ,$540, 242 ,$500, 223 ,$515
,Hobsons Bay, 215 ,$180, 237 ,$180, 223 ,$185, 259 ,$190, 255 ,$190, 256 ,$195, 240 ,$195, 243 ,$195, 254 ,$195, 241 ,$200, 268 ,$203, 266 ,$210, 229 ,$210, 284 ,$210, 260 ,$210, 318 ,$210, 252 ,$210, 286 ,$210, 266 ,$213, 294 ,$220, 240 ,$210, 269 ,$210, 256 ,$220, 245 ,$230, 220 ,$213, 285 ,$220, 270 ,$230, 226 ,$230, 199 ,$230, 197 ,$240, 212 ,$240, 267 ,$250, 205 ,$255, 202 ,$268, 229 ,$270, 255 ,$280, 216 ,$300, 225 ,$300, 259 ,$300, 222 ,$320, 186 ,$320, 212 ,$330, 219 ,$330, 219 ,$330, 234 ,$330, 223 ,$330, 234 ,$330, 256 ,$350, 271 ,$350, 244 ,$350, 223 ,$330, 267 ,$350, 228 ,$350, 284 ,$350, 227 ,$350, 283 ,$360, 226 ,$380, 251 ,$360, 236 ,$370, 232 ,$380, 243 ,$385, 237 ,$380, 236 ,$380, 268 ,$390, 242 ,$400, 266 ,$400, 258 ,$400, 292 ,$410, 284 ,$425, 254 ,$415, 260 ,$420, 290 ,$423, 222 ,$435, 252 ,$435, 264 ,$450, 252 ,$438, 238 ,$440, 232 ,$460, 257 ,$450, 244 ,$420, 247 ,$450, 233 ,$450, 233 ,$480, 262 ,$478, 211 ,$440, 166 ,$448
,Hume, 248 ,$170, 260 ,$172, 238 ,$175, 255 ,$175, 266 ,$180, 287 ,$175, 255 ,$180, 253 ,$185, 290 ,$180, 287 ,$185, 272 ,$190, 304 ,$185, 293 ,$190, 285 ,$190, 300 ,$190, 301 ,$195, 332 ,$195, 337 ,$200, 364 ,$200, 357 ,$200, 293 ,$200, 363 ,$200, 317 ,$200, 333 ,$200, 359 ,$203, 419 ,$205, 321 ,$210, 332 ,$210, 352 ,$210, 364 ,$210, 357 ,$220, 355 ,$220, 338 ,$230, 339 ,$230, 295 ,$245, 366 ,$250, 299 ,$270, 339 ,$280, 335 ,$280, 354 ,$290, 363 ,$290, 376 ,$300, 338 ,$300, 350 ,$300, 421 ,$310, 431 ,$310, 443 ,$310, 426 ,$320, 464 ,$320, 483 ,$315, 436 ,$320, 526 ,$320, 490 ,$320, 516 ,$311, 487 ,$320, 479 ,$315, 527 ,$315, 550 ,$320, 509 ,$321, 467 ,$325, 487 ,$320, 513 ,$330, 478 ,$330, 486 ,$325, 519 ,$330, 515 ,$330, 567 ,$335, 539 ,$340, 557 ,$330, 583 ,$340, 501 ,$350, 513 ,$350, 503 ,$360, 515 ,$360, 594 ,$360, 574 ,$360, 522 ,$370, 556 ,$370, 528 ,$375, 556 ,$380, 541 ,$380, 616 ,$375, 581 ,$370, 550 ,$380, 515 ,$375, 413 ,$380
,Maribyrnong, 133 ,$170, 146 ,$180, 170 ,$180, 172 ,$185, 156 ,$180, 186 ,$185, 171 ,$190, 191 ,$190, 166 ,$190, 169 ,$200, 160 ,$208, 208 ,$208, 170 ,$200, 187 ,$200, 184 ,$210, 244 ,$210, 196 ,$218, 182 ,$210, 154 ,$210, 241 ,$220, 168 ,$220, 199 ,$230, 185 ,$220, 193 ,$225, 173 ,$230, 177 ,$230, 145 ,$230, 204 ,$240, 131 ,$240, 149 ,$250, 172 ,$250, 198 ,$278, 139 ,$280, 150 ,$280, 185 ,$305, 206 ,$310, 175 ,$330, 179 ,$340, 160 ,$350, 184 ,$360, 164 ,$350, 163 ,$350, 184 ,$345, 204 ,$360, 196 ,$360, 206 ,$350, 208 ,$363, 233 ,$370, 192 ,$360, 208 ,$368, 195 ,$380, 212 ,$380, 213 ,$380, 230 ,$370, 224 ,$375, 256 ,$394, 212 ,$400, 219 ,$380, 216 ,$400, 252 ,$400, 199 ,$410, 219 ,$400, 213 ,$420, 267 ,$420, 227 ,$425, 232 ,$430, 262 ,$430, 294 ,$450, 207 ,$450, 236 ,$430, 211 ,$450, 260 ,$473, 213 ,$470, 217 ,$475, 225 ,$470, 265 ,$480, 192 ,$490, 237 ,$495, 208 ,$500, 247 ,$490, 209 ,$485, 225 ,$500, 210 ,$513, 252 ,$510, 203 ,$480, 190 ,$470
,Melbourne, 37 ,$295, 45 ,$300, 60 ,$300, 85 ,$320, 48 ,$328, 77 ,$310, 65 ,$330, 90 ,$320, 52 ,$330, 51 ,$330, 47 ,$330, 70 ,$340, 40 ,$385, 56 ,$330, 45 ,$350, 61 ,$345, 37 ,$330, 55 ,$350, 29 ,$360, 66 ,$355, 36 ,$375, 52 ,$370, 42 ,$365, 57 ,$380, 31 ,$360, 46 ,$355, 40 ,$373, 39 ,$370, 53 ,$390, 28 ,$360, 38 ,$380, 44 ,$460, 38 ,$425, 29 ,$400, 28 ,$480, 40 ,$515, 44 ,$533, 33 ,$550, 34 ,$505, 56 ,$500, 36 ,$530, 38 ,$501, 51 ,$550, 79 ,$600, 47 ,$540, 60 ,$550, 61 ,$550, 72 ,$585, 54 ,$600, 43 ,$580, 46 ,$600, 79 ,$575, 50 ,$593, 67 ,$597, 66 ,$598, 79 ,$650, 47 ,$600, 57 ,$600, 70 ,$600, 87 ,$620, 49 ,$640, 56 ,$650, 83 ,$620, 93 ,$660, 77 ,$620, 72 ,$592, 82 ,$650, 104 ,$665, 62 ,$650, 89 ,$620, 77 ,$650, 112 ,$680, 62 ,$678, 64 ,$638, 81 ,$700, 90 ,$680, 55 ,$700, 79 ,$680, 87 ,$740, 80 ,$735, 49 ,$720, 60 ,$700, 54 ,$750, 104 ,$760, 81 ,$700, 79 ,$700
,Melton, 102 ,$150, 103 ,$150, 115 ,$160, 126 ,$150, 129 ,$160, 129 ,$160, 125 ,$160, 108 ,$161, 131 ,$165, 121 ,$170, 136 ,$170, 154 ,$175, 154 ,$175, 164 ,$185, 178 ,$185, 207 ,$190, 180 ,$185, 213 ,$185, 223 ,$190, 220 ,$190, 187 ,$190, 214 ,$193, 206 ,$195, 187 ,$195, 211 ,$200, 259 ,$200, 220 ,$210, 225 ,$210, 245 ,$200, 259 ,$205, 235 ,$205, 285 ,$210, 256 ,$225, 283 ,$230, 271 ,$240, 310 ,$240, 324 ,$250, 280 ,$250, 242 ,$250, 331 ,$260, 376 ,$265, 360 ,$270, 361 ,$270, 419 ,$270, 381 ,$280, 422 ,$280, 410 ,$285, 428 ,$285, 453 ,$280, 480 ,$285, 407 ,$280, 388 ,$275, 405 ,$280, 510 ,$280, 453 ,$285, 463 ,$285, 468 ,$290, 423 ,$300, 449 ,$300, 399 ,$300, 430 ,$300, 421 ,$310, 456 ,$310, 428 ,$315, 450 ,$315, 470 ,$317, 448 ,$320, 435 ,$320, 479 ,$330, 493 ,$330, 469 ,$330, 451 ,$340, 444 ,$340, 469 ,$340, 487 ,$350, 506 ,$350, 459 ,$350, 500 ,$350, 482 ,$355, 499 ,$350, 501 ,$360, 546 ,$350, 502 ,$360, 502 ,$360, 504 ,$350, 396 ,$350
,Moonee Valley, 158 ,$220, 188 ,$200, 182 ,$203, 210 ,$220, 182 ,$210, 197 ,$215, 202 ,$220, 205 ,$231, 153 ,$230, 188 ,$230, 212 ,$240, 234 ,$250, 182 ,$230, 211 ,$225, 212 ,$230, 268 ,$240, 206 ,$230, 217 ,$230, 192 ,$240, 223 ,$245, 161 ,$240, 204 ,$230, 173 ,$240, 209 ,$260, 172 ,$250, 200 ,$243, 166 ,$250, 197 ,$260, 150 ,$273, 156 ,$260, 152 ,$270, 202 ,$290, 149 ,$285, 156 ,$300, 154 ,$310, 192 ,$320, 133 ,$340, 176 ,$330, 232 ,$350, 156 ,$360, 116 ,$350, 136 ,$360, 148 ,$370, 184 ,$373, 150 ,$370, 155 ,$400, 152 ,$380, 210 ,$390, 138 ,$400, 188 ,$400, 141 ,$395, 202 ,$410, 151 ,$400, 194 ,$395, 178 ,$420, 197 ,$420, 174 ,$400, 186 ,$400, 190 ,$430, 210 ,$423, 168 ,$450, 183 ,$450, 192 ,$428, 220 ,$450, 184 ,$450, 201 ,$450, 232 ,$450, 248 ,$468, 208 ,$470, 236 ,$470, 183 ,$450, 259 ,$485, 161 ,$480, 193 ,$490, 191 ,$500, 227 ,$500, 190 ,$498, 185 ,$500, 182 ,$505, 220 ,$500, 183 ,$500, 168 ,$483, 199 ,$520, 228 ,$550, 133 ,$480, 115 ,$505
,Moreland, 270 ,$190, 306 ,$190, 298 ,$195, 394 ,$200, 260 ,$200, 309 ,$200, 304 ,$200, 392 ,$215, 290 ,$210, 282 ,$210, 269 ,$215, 350 ,$220, 328 ,$211, 305 ,$220, 271 ,$215, 385 ,$230, 264 ,$220, 307 ,$220, 312 ,$220, 392 ,$240, 239 ,$230, 281 ,$225, 300 ,$230, 315 ,$250, 267 ,$230, 295 ,$235, 239 ,$240, 302 ,$250, 211 ,$247, 247 ,$250, 211 ,$260, 258 ,$286, 223 ,$280, 232 ,$290, 201 ,$300, 270 ,$318, 261 ,$340, 247 ,$340, 232 ,$350, 259 ,$350, 250 ,$350, 248 ,$340, 282 ,$360, 283 ,$370, 277 ,$360, 310 ,$360, 304 ,$370, 371 ,$360, 282 ,$380, 311 ,$380, 337 ,$370, 375 ,$375, 298 ,$380, 316 ,$375, 330 ,$380, 372 ,$420, 325 ,$380, 322 ,$380, 320 ,$400, 360 ,$410, 270 ,$420, 326 ,$420, 349 ,$430, 390 ,$430, 302 ,$400, 295 ,$420, 351 ,$440, 409 ,$450, 338 ,$440, 365 ,$450, 384 ,$450, 423 ,$460, 331 ,$460, 413 ,$450, 386 ,$460, 421 ,$480, 295 ,$470, 390 ,$493, 389 ,$500, 383 ,$510, 305 ,$500, 368 ,$490, 361 ,$490, 414 ,$500, 331 ,$485, 294 ,$500
,Nillumbik, 65 ,$200, 47 ,$200, 47 ,$200, 54 ,$225, 45 ,$230, 52 ,$220, 42 ,$238, 65 ,$226, 52 ,$238, 40 ,$228, 48 ,$240, 69 ,$250, 45 ,$240, 41 ,$245, 47 ,$235, 58 ,$260, 45 ,$260, 48 ,$248, 51 ,$245, 48 ,$263, 52 ,$268, 56 ,$260, 59 ,$260, 63 ,$260, 47 ,$260, 39 ,$270, 39 ,$300, 50 ,$280, 46 ,$283, 45 ,$285, 49 ,$300, 56 ,$300, 31 ,$320, 54 ,$320, 51 ,$320, 55 ,$350, 43 ,$350, 49 ,$360, 48 ,$350, 62 ,$358, 43 ,$375, 57 ,$350, 60 ,$350, 64 ,$363, 54 ,$360, 70 ,$360, 48 ,$380, 67 ,$360, 67 ,$380, 82 ,$360, 74 ,$355, 114 ,$353, 62 ,$360, 91 ,$360, 90 ,$350, 94 ,$340, 102 ,$340, 98 ,$350, 90 ,$350, 111 ,$350, 87 ,$360, 83 ,$350, 96 ,$350, 106 ,$373, 105 ,$350, 91 ,$360, 108 ,$360, 127 ,$370, 106 ,$360, 104 ,$360, 81 ,$370, 101 ,$360, 86 ,$385, 96 ,$380, 93 ,$380, 101 ,$390, 83 ,$380, 109 ,$410, 83 ,$385, 102 ,$400, 72 ,$415, 71 ,$415, 80 ,$394, 79 ,$430, 89 ,$385, 69 ,$430
,Whittlesea, 215 ,$170, 214 ,$170, 216 ,$170, 273 ,$175, 210 ,$180, 283 ,$180, 212 ,$180, 237 ,$180, 224 ,$185, 243 ,$185, 231 ,$190, 255 ,$190, 235 ,$195, 252 ,$195, 262 ,$200, 269 ,$200, 274 ,$200, 301 ,$210, 291 ,$205, 308 ,$210, 256 ,$210, 301 ,$210, 284 ,$210, 287 ,$210, 297 ,$220, 328 ,$220, 304 ,$220, 281 ,$220, 253 ,$220, 291 ,$230, 256 ,$230, 318 ,$235, 284 ,$240, 265 ,$250, 306 ,$260, 286 ,$270, 287 ,$285, 306 ,$300, 299 ,$300, 357 ,$300, 312 ,$300, 311 ,$310, 315 ,$310, 342 ,$320, 352 ,$320, 394 ,$330, 426 ,$320, 377 ,$330, 353 ,$330, 465 ,$330, 410 ,$325, 426 ,$330, 403 ,$320, 472 ,$320, 432 ,$320, 401 ,$325, 456 ,$330, 498 ,$330, 411 ,$330, 401 ,$330, 385 ,$330, 433 ,$330, 416 ,$330, 400 ,$330, 442 ,$332, 474 ,$340, 483 ,$340, 443 ,$350, 472 ,$340, 470 ,$350, 403 ,$350, 467 ,$350, 429 ,$360, 470 ,$360, 457 ,$360, 431 ,$370, 446 ,$370, 418 ,$375, 406 ,$375, 457 ,$370, 386 ,$375, 445 ,$375, 413 ,$380, 486 ,$375, 421 ,$380, 353 ,$380
,Wyndham, 217 ,$160, 227 ,$170, 235 ,$170, 244 ,$170, 246 ,$170, 217 ,$170, 221 ,$175, 253 ,$175, 224 ,$180, 237 ,$180, 211 ,$180, 263 ,$185, 237 ,$185, 274 ,$185, 238 ,$190, 284 ,$185, 296 ,$190, 339 ,$190, 320 ,$185, 377 ,$190, 315 ,$190, 365 ,$195, 395 ,$195, 376 ,$195, 414 ,$200, 390 ,$200, 336 ,$210, 402 ,$200, 373 ,$200, 412 ,$210, 397 ,$215, 442 ,$220, 411 ,$220, 471 ,$230, 440 ,$240, 372 ,$240, 470 ,$250, 491 ,$270, 477 ,$265, 430 ,$270, 433 ,$260, 549 ,$270, 552 ,$270, 514 ,$275, 542 ,$280, 640 ,$280, 615 ,$280, 571 ,$285, 565 ,$280, 692 ,$285, 614 ,$285, 815 ,$290, 610 ,$285, 729 ,$285, 656 ,$287, 655 ,$290, 604 ,$290, 688 ,$290, 598 ,$300, 575 ,$300, 590 ,$300, 611 ,$305, 616 ,$300, 633 ,$300, 665 ,$310, 640 ,$320, 638 ,$320, 688 ,$325, 686 ,$330, 773 ,$330, 695 ,$335, 730 ,$340, 720 ,$350, 813 ,$350, 757 ,$350, 803 ,$350, 809 ,$355, 785 ,$360, 755 ,$360, 792 ,$360, 784 ,$360, 884 ,$350, 816 ,$360, 850 ,$355, 786 ,$350, 676 ,$350
,Yarra, 143 ,$285, 168 ,$295, 142 ,$300, 242 ,$300, 160 ,$300, 167 ,$320, 154 ,$320, 234 ,$320, 135 ,$340, 144 ,$330, 129 ,$330, 195 ,$330, 127 ,$330, 139 ,$330, 112 ,$350, 184 ,$340, 107 ,$350, 138 ,$350, 111 ,$350, 184 ,$350, 109 ,$355, 118 ,$360, 121 ,$350, 177 ,$360, 113 ,$360, 115 ,$380, 105 ,$370, 140 ,$375, 89 ,$388, 97 ,$400, 85 ,$410, 106 ,$423, 64 ,$470, 74 ,$450, 96 ,$480, 111 ,$480, 92 ,$498, 110 ,$502, 97 ,$510, 100 ,$520, 78 ,$530, 98 ,$550, 114 ,$550, 133 ,$550, 123 ,$590, 100 ,$588, 92 ,$580, 149 ,$600, 88 ,$650, 113 ,$600, 108 ,$626, 126 ,$650, 94 ,$630, 122 ,$650, 126 ,$650, 144 ,$650, 102 ,$650, 126 ,$638, 122 ,$650, 154 ,$655, 123 ,$695, 123 ,$650, 143 ,$680, 133 ,$695, 125 ,$700, 178 ,$695, 162 ,$660, 171 ,$720, 129 ,$715, 183 ,$720, 136 ,$723, 171 ,$730, 131 ,$720, 163 ,$725, 134 ,$750, 190 ,$795, 124 ,$770, 161 ,$750, 169 ,$750, 188 ,$800, 135 ,$785, 137 ,$750, 121 ,$780, 170 ,$800, 141 ,$750, 135 ,$750
,Group Total," 2,469 ",$180," 2,649 ",$180," 2,697 ",$180," 3,231 ",$185," 2,721 ",$185," 2,984 ",$185," 2,772 ",$190," 3,069 ",$200," 2,718 ",$195," 2,778 ",$195," 2,802 ",$200," 3,293 ",$205," 2,801 ",$200," 3,057 ",$200," 2,916 ",$200," 3,530 ",$210," 3,010 ",$200," 3,306 ",$205," 3,173 ",$210," 3,702 ",$220," 2,695 ",$210," 3,297 ",$210," 3,205 ",$210," 3,373 ",$220," 3,106 ",$220," 3,333 ",$220," 2,953 ",$220," 3,232 ",$225," 2,853 ",$228," 2,990 ",$230," 2,834 ",$230," 3,368 ",$240," 2,840 ",$245," 3,033 ",$250," 2,983 ",$265," 3,310 ",$275," 3,161 ",$280," 3,258 ",$295," 3,243 ",$300," 3,411 ",$300," 3,168 ",$300," 3,475 ",$300," 3,634 ",$310," 3,881 ",$320," 3,746 ",$320," 4,054 ",$320," 4,064 ",$320," 4,272 ",$330," 3,912 ",$323," 4,404 ",$320," 4,038 ",$320," 4,734 ",$330," 4,007 ",$320," 4,635 ",$320," 4,364 ",$320," 4,595 ",$330," 4,327 ",$330," 4,480 ",$330," 4,274 ",$333," 4,393 ",$340," 4,025 ",$340," 4,339 ",$340," 4,434 ",$345," 4,601 ",$350," 4,452 ",$350," 4,523 ",$350," 4,804 ",$350," 5,010 ",$360," 4,726 ",$350," 5,040 ",$360," 4,491 ",$360," 5,068 ",$370," 4,420 ",$370," 4,872 ",$370," 4,779 ",$380," 5,153 ",$380," 4,451 ",$380," 4,814 ",$390," 4,615 ",$390," 4,979 ",$390," 4,481 ",$390," 4,826 ",$380," 4,568 ",$390," 4,970 ",$395," 4,310 ",$380," 3,647 ",$390
Eastern Metro,Boroondara, 215 ,$280, 239 ,$300, 254 ,$300, 310 ,$300, 212 ,$295, 222 ,$310, 234 ,$300, 278 ,$320, 228 ,$320, 252 ,$330, 268 ,$320, 312 ,$340, 215 ,$330, 243 ,$330, 242 ,$330, 303 ,$335, 208 ,$340, 227 ,$350, 245 ,$330, 305 ,$350, 193 ,$330, 188 ,$340, 234 ,$360, 275 ,$360, 184 ,$360, 202 ,$370, 174 ,$375, 240 ,$360, 164 ,$378, 174 ,$368, 184 ,$395, 240 ,$400, 138 ,$420, 195 ,$440, 191 ,$450, 254 ,$458, 192 ,$470, 190 ,$481, 217 ,$475, 264 ,$493, 208 ,$490, 216 ,$470, 226 ,$498, 255 ,$495, 201 ,$530, 197 ,$525, 228 ,$533, 275 ,$530, 215 ,$530, 210 ,$550, 235 ,$550, 285 ,$550, 204 ,$543, 239 ,$550, 228 ,$550, 257 ,$560, 197 ,$580, 242 ,$560, 250 ,$570, 244 ,$575, 186 ,$590, 188 ,$620, 242 ,$580, 274 ,$580, 218 ,$593, 192 ,$583, 217 ,$600, 274 ,$625, 217 ,$610, 248 ,$628, 238 ,$623, 260 ,$620, 200 ,$635, 204 ,$650, 226 ,$643, 273 ,$650, 156 ,$650, 202 ,$625, 220 ,$650, 239 ,$630, 175 ,$650, 196 ,$605, 201 ,$650, 246 ,$650, 178 ,$630, 164 ,$625
,Knox, 265 ,$180, 265 ,$185, 252 ,$185, 246 ,$185, 278 ,$185, 251 ,$190, 252 ,$190, 253 ,$195, 267 ,$195, 273 ,$200, 270 ,$200, 268 ,$200, 248 ,$200, 308 ,$210, 269 ,$210, 312 ,$210, 297 ,$210, 291 ,$210, 284 ,$220, 308 ,$220, 247 ,$220, 286 ,$230, 243 ,$225, 279 ,$225, 262 ,$225, 272 ,$230, 221 ,$240, 223 ,$235, 211 ,$240, 250 ,$240, 226 ,$255, 266 ,$255, 226 ,$260, 244 ,$270, 227 ,$290, 236 ,$290, 226 ,$300, 240 ,$300, 236 ,$310, 224 ,$310, 236 ,$310, 260 ,$320, 229 ,$320, 246 ,$340, 245 ,$340, 268 ,$340, 271 ,$350, 281 ,$350, 270 ,$350, 292 ,$350, 279 ,$350, 265 ,$350, 286 ,$350, 304 ,$350, 266 ,$355, 240 ,$350, 263 ,$350, 291 ,$355, 260 ,$363, 259 ,$360, 233 ,$370, 304 ,$363, 270 ,$370, 293 ,$370, 300 ,$370, 348 ,$380, 335 ,$390, 335 ,$390, 324 ,$380, 354 ,$385, 299 ,$390, 311 ,$400, 338 ,$400, 350 ,$400, 378 ,$400, 338 ,$408, 338 ,$405, 358 ,$410, 341 ,$410, 356 ,$410, 309 ,$405, 341 ,$410, 347 ,$420, 333 ,$420, 319 ,$410, 226 ,$420
,Manningham, 160 ,$210, 166 ,$210, 159 ,$220, 172 ,$220, 161 ,$230, 149 ,$220, 140 ,$220, 186 ,$230, 148 ,$240, 159 ,$240, 166 ,$240, 153 ,$240, 138 ,$240, 178 ,$240, 177 ,$245, 180 ,$240, 162 ,$250, 170 ,$240, 146 ,$250, 200 ,$250, 142 ,$250, 138 ,$250, 128 ,$260, 151 ,$260, 146 ,$260, 149 ,$270, 112 ,$268, 129 ,$270, 110 ,$270, 133 ,$280, 112 ,$298, 135 ,$300, 101 ,$300, 142 ,$310, 109 ,$330, 152 ,$340, 143 ,$350, 131 ,$360, 142 ,$350, 149 ,$360, 125 ,$350, 150 ,$360, 126 ,$370, 164 ,$385, 157 ,$375, 158 ,$385, 163 ,$380, 158 ,$390, 152 ,$400, 141 ,$395, 172 ,$400, 168 ,$400, 134 ,$395, 159 ,$380, 165 ,$400, 157 ,$400, 151 ,$400, 169 ,$400, 147 ,$420, 162 ,$420, 159 ,$420, 185 ,$430, 162 ,$425, 178 ,$430, 149 ,$430, 168 ,$420, 179 ,$440, 213 ,$450, 168 ,$450, 176 ,$450, 187 ,$450, 190 ,$450, 169 ,$450, 185 ,$460, 164 ,$480, 171 ,$470, 174 ,$470, 187 ,$450, 143 ,$460, 175 ,$450, 170 ,$480, 183 ,$460, 149 ,$475, 160 ,$470, 141 ,$455, 130 ,$470
,Maroondah, 155 ,$175, 164 ,$180, 138 ,$180, 155 ,$185, 133 ,$180, 166 ,$185, 145 ,$190, 141 ,$190, 130 ,$190, 162 ,$190, 154 ,$195, 138 ,$195, 161 ,$200, 170 ,$200, 162 ,$210, 176 ,$210, 180 ,$210, 199 ,$210, 149 ,$220, 193 ,$220, 158 ,$215, 155 ,$220, 177 ,$220, 174 ,$220, 160 ,$230, 156 ,$230, 150 ,$230, 155 ,$230, 132 ,$240, 135 ,$240, 132 ,$245, 155 ,$250, 166 ,$260, 149 ,$270, 128 ,$280, 141 ,$300, 159 ,$300, 150 ,$300, 144 ,$310, 150 ,$314, 154 ,$320, 147 ,$320, 151 ,$330, 175 ,$330, 196 ,$340, 174 ,$350, 140 ,$350, 172 ,$360, 166 ,$350, 215 ,$350, 167 ,$350, 207 ,$360, 180 ,$350, 189 ,$360, 183 ,$350, 169 ,$360, 190 ,$360, 191 ,$360, 164 ,$370, 179 ,$370, 175 ,$375, 173 ,$380, 187 ,$370, 190 ,$390, 187 ,$380, 196 ,$390, 205 ,$390, 244 ,$395, 222 ,$400, 230 ,$393, 204 ,$390, 229 ,$400, 213 ,$400, 237 ,$400, 202 ,$400, 194 ,$430, 193 ,$420, 234 ,$420, 213 ,$420, 175 ,$430, 208 ,$420, 204 ,$430, 222 ,$428, 190 ,$435, 170 ,$425, 154 ,$430
,Monash, 393 ,$195, 376 ,$195, 375 ,$200, 454 ,$200, 383 ,$205, 393 ,$200, 398 ,$200, 402 ,$215, 318 ,$220, 374 ,$218, 366 ,$220, 432 ,$220, 388 ,$220, 343 ,$225, 357 ,$220, 446 ,$230, 334 ,$228, 394 ,$235, 376 ,$230, 516 ,$235, 308 ,$240, 396 ,$240, 359 ,$240, 405 ,$250, 388 ,$250, 334 ,$250, 319 ,$250, 358 ,$260, 292 ,$262, 313 ,$270, 312 ,$270, 343 ,$280, 281 ,$300, 322 ,$300, 301 ,$310, 394 ,$325, 302 ,$340, 303 ,$350, 305 ,$350, 365 ,$350, 299 ,$350, 331 ,$360, 323 ,$360, 417 ,$370, 346 ,$370, 327 ,$370, 344 ,$380, 434 ,$380, 379 ,$380, 368 ,$388, 368 ,$390, 406 ,$388, 323 ,$385, 378 ,$393, 369 ,$380, 433 ,$395, 352 ,$395, 351 ,$400, 366 ,$390, 439 ,$400, 359 ,$410, 394 ,$400, 447 ,$410, 435 ,$420, 377 ,$420, 347 ,$410, 417 ,$429, 476 ,$440, 395 ,$420, 366 ,$430, 397 ,$435, 459 ,$450, 334 ,$450, 366 ,$440, 350 ,$447, 440 ,$450, 336 ,$450, 368 ,$460, 359 ,$465, 382 ,$470, 318 ,$460, 337 ,$470, 341 ,$465, 393 ,$470, 305 ,$455, 268 ,$450
,Whitehorse, 271 ,$200, 248 ,$200, 253 ,$210, 325 ,$210, 264 ,$218, 273 ,$220, 262 ,$220, 289 ,$226, 264 ,$225, 266 ,$220, 287 ,$230, 373 ,$235, 280 ,$235, 250 ,$240, 269 ,$240, 353 ,$245, 297 ,$235, 293 ,$240, 323 ,$250, 414 ,$250, 236 ,$250, 288 ,$250, 253 ,$250, 325 ,$260, 256 ,$260, 252 ,$255, 261 ,$260, 284 ,$270, 226 ,$270, 245 ,$275, 233 ,$280, 275 ,$290, 228 ,$300, 258 ,$313, 246 ,$320, 314 ,$340, 290 ,$350, 267 ,$350, 299 ,$355, 311 ,$351, 291 ,$350, 273 ,$360, 288 ,$378, 362 ,$380, 281 ,$375, 318 ,$380, 316 ,$380, 403 ,$380, 303 ,$390, 346 ,$385, 329 ,$385, 422 ,$395, 319 ,$390, 320 ,$390, 348 ,$390, 398 ,$390, 355 ,$395, 336 ,$395, 322 ,$400, 379 ,$400, 297 ,$400, 353 ,$410, 337 ,$410, 397 ,$420, 324 ,$400, 326 ,$420, 399 ,$420, 420 ,$438, 345 ,$425, 374 ,$420, 353 ,$425, 426 ,$450, 325 ,$440, 341 ,$450, 354 ,$450, 439 ,$450, 293 ,$450, 341 ,$460, 354 ,$450, 418 ,$460, 318 ,$455, 351 ,$460, 350 ,$455, 338 ,$460, 276 ,$450, 264 ,$450
,Yarra Ranges, 255 ,$160, 257 ,$165, 270 ,$170, 234 ,$170, 239 ,$175, 253 ,$175, 206 ,$175, 237 ,$180, 237 ,$180, 241 ,$180, 236 ,$185, 230 ,$190, 257 ,$190, 230 ,$190, 275 ,$195, 272 ,$195, 258 ,$200, 294 ,$200, 289 ,$200, 263 ,$210, 241 ,$210, 286 ,$209, 244 ,$215, 257 ,$210, 269 ,$220, 246 ,$215, 239 ,$220, 256 ,$225, 255 ,$220, 254 ,$230, 214 ,$230, 251 ,$240, 237 ,$250, 233 ,$250, 198 ,$260, 235 ,$270, 233 ,$275, 220 ,$283, 218 ,$290, 225 ,$295, 222 ,$300, 245 ,$300, 217 ,$310, 236 ,$310, 242 ,$320, 292 ,$320, 237 ,$340, 227 ,$340, 248 ,$340, 252 ,$330, 251 ,$340, 272 ,$340, 248 ,$350, 265 ,$350, 242 ,$340, 225 ,$340, 244 ,$345, 268 ,$350, 247 ,$355, 226 ,$350, 222 ,$357, 254 ,$353, 234 ,$350, 255 ,$360, 228 ,$370, 257 ,$370, 227 ,$370, 270 ,$373, 251 ,$380, 264 ,$385, 243 ,$380, 275 ,$385, 293 ,$395, 248 ,$388, 254 ,$400, 265 ,$400, 233 ,$400, 196 ,$400, 248 ,$410, 265 ,$420, 246 ,$410, 269 ,$410, 232 ,$413, 206 ,$423, 214 ,$420, 164 ,$410
,Group Total," 1,714 ",$190," 1,715 ",$190," 1,701 ",$200," 1,896 ",$200," 1,670 ",$200," 1,707 ",$200," 1,637 ",$205," 1,786 ",$215," 1,592 ",$215," 1,727 ",$215," 1,747 ",$220," 1,906 ",$220," 1,687 ",$220," 1,722 ",$225," 1,751 ",$225," 2,042 ",$230," 1,736 ",$225," 1,868 ",$230," 1,812 ",$230," 2,199 ",$235," 1,525 ",$235," 1,737 ",$240," 1,638 ",$240," 1,866 ",$245," 1,665 ",$240," 1,611 ",$245," 1,476 ",$250," 1,645 ",$255," 1,390 ",$250," 1,504 ",$260," 1,413 ",$270," 1,665 ",$275," 1,377 ",$280," 1,543 ",$295," 1,400 ",$300," 1,726 ",$320," 1,545 ",$330," 1,501 ",$335," 1,561 ",$340," 1,688 ",$350," 1,535 ",$340," 1,622 ",$350," 1,560 ",$350," 1,855 ",$360," 1,668 ",$360," 1,734 ",$360," 1,699 ",$370," 1,950 ",$380," 1,733 ",$380," 1,824 ",$375," 1,801 ",$380," 2,025 ",$380," 1,694 ",$375," 1,854 ",$375," 1,801 ",$380," 1,879 ",$385," 1,752 ",$380," 1,848 ",$385," 1,756 ",$390," 1,888 ",$395," 1,631 ",$400," 1,851 ",$399," 1,879 ",$400," 2,022 ",$400," 1,783 ",$400," 1,834 ",$400," 1,979 ",$410," 2,232 ",$420," 1,922 ",$413," 2,012 ",$420," 1,921 ",$420," 2,150 ",$430," 1,872 ",$425," 1,931 ",$430," 1,928 ",$440," 2,120 ",$450," 1,723 ",$440," 1,886 ",$445," 1,878 ",$450," 2,010 ",$450," 1,744 ",$450," 1,881 ",$450," 1,842 ",$450," 1,866 ",$450," 1,603 ",$445," 1,370 ",$450
Southern Metro,Bayside, 122 ,$280, 142 ,$300, 139 ,$300, 156 ,$330, 131 ,$320, 155 ,$325, 135 ,$310, 167 ,$330, 130 ,$375, 168 ,$350, 168 ,$338, 166 ,$350, 132 ,$340, 170 ,$375, 133 ,$350, 156 ,$358, 144 ,$345, 152 ,$365, 119 ,$350, 174 ,$350, 118 ,$370, 133 ,$360, 135 ,$360, 156 ,$385, 110 ,$385, 147 ,$400, 112 ,$390, 125 ,$400, 109 ,$395, 127 ,$445, 77 ,$476, 114 ,$450, 107 ,$475, 115 ,$505, 124 ,$478, 164 ,$536, 137 ,$500, 124 ,$518, 134 ,$500, 159 ,$500, 139 ,$535, 154 ,$528, 144 ,$570, 148 ,$570, 134 ,$565, 134 ,$543, 129 ,$550, 154 ,$593, 142 ,$600, 139 ,$600, 131 ,$590, 164 ,$623, 134 ,$675, 158 ,$600, 149 ,$595, 156 ,$643, 152 ,$600, 138 ,$610, 161 ,$650, 179 ,$645, 137 ,$620, 154 ,$650, 148 ,$650, 145 ,$650, 117 ,$700, 141 ,$650, 152 ,$678, 175 ,$690, 155 ,$650, 177 ,$700, 127 ,$700, 147 ,$675, 150 ,$655, 172 ,$680, 154 ,$693, 157 ,$680, 128 ,$700, 142 ,$730, 152 ,$690, 157 ,$710, 139 ,$685, 153 ,$700, 129 ,$650, 162 ,$740, 134 ,$650, 145 ,$700
,Cardinia, 128 ,$155, 114 ,$160, 116 ,$160, 124 ,$160, 118 ,$165, 132 ,$160, 104 ,$165, 102 ,$170, 116 ,$165, 133 ,$170, 128 ,$165, 128 ,$175, 129 ,$175, 131 ,$175, 128 ,$180, 171 ,$175, 147 ,$185, 160 ,$180, 169 ,$185, 159 ,$190, 129 ,$190, 189 ,$195, 153 ,$190, 162 ,$190, 153 ,$200, 172 ,$200, 152 ,$195, 159 ,$205, 154 ,$200, 159 ,$215, 184 ,$215, 189 ,$220, 167 ,$220, 155 ,$230, 175 ,$230, 193 ,$245, 198 ,$260, 203 ,$260, 211 ,$270, 191 ,$270, 221 ,$265, 242 ,$280, 240 ,$280, 234 ,$290, 239 ,$295, 239 ,$300, 238 ,$300, 273 ,$300, 263 ,$300, 281 ,$300, 263 ,$305, 268 ,$300, 285 ,$300, 305 ,$300, 281 ,$305, 282 ,$300, 254 ,$300, 275 ,$310, 266 ,$315, 285 ,$310, 259 ,$310, 281 ,$315, 268 ,$320, 283 ,$320, 296 ,$320, 326 ,$325, 258 ,$330, 265 ,$330, 280 ,$330, 312 ,$340, 260 ,$340, 275 ,$340, 302 ,$350, 333 ,$350, 297 ,$350, 307 ,$350, 291 ,$350, 354 ,$360, 306 ,$355, 344 ,$350, 319 ,$355, 333 ,$350, 350 ,$355, 342 ,$360, 284 ,$360, 224 ,$360
,Casey, 431 ,$165, 503 ,$166, 468 ,$170, 467 ,$175, 461 ,$170, 513 ,$175, 464 ,$175, 457 ,$175, 467 ,$175, 503 ,$180, 495 ,$180, 522 ,$180, 487 ,$185, 512 ,$185, 544 ,$185, 544 ,$185, 574 ,$185, 634 ,$190, 655 ,$190, 629 ,$190, 498 ,$200, 591 ,$195, 592 ,$200, 613 ,$200, 571 ,$200, 564 ,$205, 545 ,$210, 598 ,$210, 490 ,$210, 517 ,$215, 490 ,$220, 600 ,$225, 516 ,$230, 523 ,$240, 533 ,$240, 589 ,$250, 563 ,$260, 523 ,$270, 526 ,$270, 543 ,$280, 553 ,$280, 621 ,$285, 562 ,$290, 585 ,$295, 601 ,$300, 640 ,$310, 660 ,$310, 604 ,$315, 581 ,$315, 665 ,$320, 604 ,$320, 659 ,$320, 638 ,$320, 743 ,$320, 676 ,$320, 677 ,$320, 636 ,$320, 666 ,$320, 643 ,$325, 652 ,$330, 731 ,$330, 776 ,$330, 725 ,$340, 758 ,$340, 780 ,$340, 837 ,$340, 769 ,$350, 772 ,$350, 825 ,$350, 892 ,$350, 820 ,$350, 901 ,$355, 864 ,$360, 901 ,$360, 842 ,$360, 930 ,$360, 850 ,$365, 929 ,$370, 881 ,$365, 901 ,$370, 869 ,$370, 973 ,$370, 859 ,$370, 852 ,$375, 769 ,$370, 612 ,$375
,Frankston, 307 ,$160, 325 ,$165, 316 ,$160, 333 ,$165, 318 ,$165, 346 ,$170, 298 ,$170, 302 ,$170, 307 ,$175, 349 ,$175, 342 ,$175, 317 ,$180, 351 ,$180, 356 ,$185, 378 ,$185, 377 ,$190, 406 ,$190, 416 ,$190, 404 ,$190, 388 ,$190, 339 ,$200, 376 ,$195, 347 ,$200, 399 ,$200, 385 ,$200, 380 ,$200, 330 ,$207, 355 ,$210, 360 ,$210, 394 ,$215, 347 ,$220, 375 ,$220, 378 ,$230, 439 ,$235, 364 ,$240, 446 ,$250, 418 ,$255, 454 ,$260, 381 ,$270, 359 ,$275, 395 ,$272, 421 ,$280, 406 ,$280, 419 ,$290, 413 ,$300, 475 ,$300, 393 ,$310, 396 ,$310, 418 ,$318, 504 ,$313, 443 ,$310, 465 ,$310, 472 ,$315, 476 ,$310, 443 ,$320, 476 ,$310, 473 ,$315, 458 ,$320, 444 ,$320, 437 ,$320, 416 ,$330, 445 ,$325, 482 ,$328, 393 ,$330, 407 ,$340, 431 ,$340, 412 ,$350, 455 ,$350, 424 ,$350, 449 ,$360, 409 ,$360, 433 ,$360, 405 ,$370, 463 ,$370, 441 ,$375, 423 ,$380, 396 ,$380, 446 ,$380, 449 ,$390, 422 ,$380, 419 ,$380, 457 ,$380, 424 ,$390, 410 ,$390, 376 ,$390, 310 ,$390
,Glen Eira, 174 ,$250, 219 ,$250, 199 ,$245, 201 ,$260, 167 ,$255, 227 ,$250, 188 ,$260, 254 ,$265, 159 ,$280, 205 ,$280, 193 ,$270, 223 ,$270, 180 ,$295, 188 ,$280, 173 ,$280, 202 ,$290, 187 ,$280, 197 ,$295, 181 ,$290, 221 ,$290, 141 ,$300, 208 ,$300, 176 ,$290, 211 ,$310, 186 ,$320, 186 ,$313, 152 ,$323, 152 ,$325, 142 ,$320, 146 ,$340, 140 ,$360, 176 ,$375, 136 ,$365, 151 ,$380, 147 ,$410, 186 ,$395, 153 ,$420, 163 ,$410, 151 ,$410, 192 ,$430, 171 ,$450, 177 ,$450, 199 ,$450, 220 ,$450, 182 ,$473, 211 ,$470, 183 ,$450, 236 ,$488, 168 ,$490, 206 ,$480, 222 ,$470, 214 ,$493, 176 ,$500, 206 ,$518, 204 ,$497, 258 ,$504, 193 ,$505, 211 ,$490, 177 ,$510, 244 ,$525, 204 ,$500, 243 ,$500, 208 ,$535, 255 ,$500, 229 ,$520, 226 ,$520, 258 ,$550, 271 ,$550, 204 ,$563, 279 ,$575, 211 ,$560, 277 ,$555, 182 ,$580, 198 ,$560, 223 ,$600, 281 ,$600, 191 ,$560, 201 ,$590, 236 ,$600, 235 ,$595, 187 ,$590, 197 ,$600, 203 ,$600, 244 ,$600, 180 ,$595, 176 ,$588
,Greater Dandenong, 242 ,$160, 272 ,$160, 252 ,$160, 252 ,$160, 265 ,$160, 260 ,$165, 244 ,$165, 264 ,$165, 230 ,$170, 259 ,$165, 233 ,$170, 266 ,$170, 233 ,$175, 274 ,$175, 222 ,$175, 272 ,$175, 251 ,$180, 301 ,$180, 235 ,$180, 276 ,$181, 210 ,$180, 236 ,$190, 212 ,$185, 247 ,$185, 243 ,$190, 255 ,$195, 206 ,$200, 221 ,$200, 210 ,$205, 222 ,$210, 218 ,$215, 222 ,$220, 197 ,$240, 267 ,$240, 237 ,$250, 305 ,$250, 288 ,$270, 252 ,$280, 265 ,$290, 256 ,$290, 290 ,$293, 269 ,$290, 262 ,$300, 283 ,$301, 317 ,$310, 332 ,$318, 335 ,$310, 347 ,$310, 312 ,$320, 326 ,$320, 366 ,$320, 311 ,$320, 320 ,$320, 333 ,$320, 333 ,$320, 362 ,$320, 350 ,$321, 358 ,$330, 310 ,$330, 324 ,$330, 335 ,$340, 354 ,$330, 333 ,$335, 352 ,$340, 335 ,$350, 364 ,$350, 364 ,$350, 339 ,$355, 346 ,$360, 389 ,$360, 372 ,$355, 379 ,$365, 322 ,$370, 395 ,$375, 358 ,$370, 376 ,$380, 343 ,$380, 362 ,$380, 351 ,$380, 338 ,$380, 328 ,$385, 370 ,$380, 349 ,$390, 359 ,$400, 281 ,$390, 220 ,$390
,Kingston, 197 ,$195, 201 ,$195, 223 ,$210, 230 ,$210, 217 ,$210, 215 ,$220, 201 ,$200, 211 ,$220, 189 ,$225, 245 ,$230, 230 ,$220, 248 ,$230, 213 ,$225, 248 ,$240, 238 ,$230, 248 ,$240, 214 ,$240, 217 ,$235, 268 ,$240, 261 ,$250, 191 ,$240, 227 ,$240, 213 ,$250, 206 ,$260, 214 ,$255, 211 ,$260, 196 ,$263, 223 ,$270, 200 ,$270, 207 ,$270, 184 ,$280, 218 ,$300, 175 ,$315, 204 ,$313, 216 ,$320, 236 ,$343, 190 ,$350, 204 ,$350, 184 ,$360, 204 ,$360, 207 ,$360, 214 ,$360, 218 ,$360, 221 ,$375, 225 ,$380, 230 ,$395, 240 ,$395, 248 ,$383, 227 ,$395, 276 ,$400, 265 ,$400, 237 ,$400, 237 ,$410, 233 ,$400, 298 ,$400, 235 ,$400, 230 ,$410, 264 ,$420, 262 ,$420, 239 ,$425, 237 ,$430, 245 ,$425, 272 ,$430, 297 ,$445, 239 ,$440, 277 ,$430, 294 ,$448, 315 ,$450, 270 ,$450, 305 ,$450, 256 ,$465, 341 ,$475, 282 ,$470, 315 ,$470, 292 ,$478, 318 ,$480, 245 ,$485, 252 ,$485, 297 ,$495, 311 ,$500, 266 ,$495, 265 ,$495, 267 ,$510, 286 ,$500, 234 ,$495, 225 ,$500
,Mornington Penin'a, 387 ,$150, 397 ,$155, 354 ,$160, 395 ,$165, 388 ,$160, 412 ,$160, 338 ,$165, 407 ,$170, 412 ,$170, 419 ,$170, 373 ,$175, 381 ,$185, 425 ,$180, 438 ,$185, 395 ,$185, 415 ,$190, 429 ,$185, 473 ,$185, 454 ,$185, 437 ,$200, 366 ,$200, 455 ,$200, 419 ,$195, 407 ,$200, 410 ,$200, 458 ,$200, 411 ,$200, 390 ,$205, 415 ,$210, 369 ,$210, 328 ,$215, 369 ,$225, 392 ,$225, 415 ,$230, 356 ,$250, 401 ,$250, 444 ,$250, 429 ,$260, 414 ,$265, 398 ,$270, 413 ,$270, 457 ,$275, 395 ,$280, 406 ,$300, 427 ,$295, 446 ,$295, 374 ,$320, 366 ,$320, 424 ,$315, 496 ,$300, 423 ,$310, 445 ,$320, 450 ,$320, 503 ,$320, 507 ,$320, 455 ,$325, 477 ,$320, 495 ,$330, 478 ,$320, 433 ,$330, 445 ,$340, 507 ,$340, 482 ,$330, 444 ,$350, 481 ,$340, 489 ,$350, 448 ,$353, 432 ,$360, 471 ,$360, 465 ,$365, 436 ,$380, 405 ,$380, 454 ,$380, 458 ,$380, 451 ,$395, 399 ,$395, 464 ,$390, 458 ,$390, 361 ,$400, 379 ,$410, 417 ,$410, 447 ,$400, 412 ,$400, 399 ,$425, 380 ,$400, 313 ,$430
,Port Phillip, 98 ,$368, 118 ,$340, 115 ,$370, 125 ,$360, 114 ,$380, 108 ,$373, 113 ,$350, 135 ,$395, 117 ,$395, 125 ,$380, 126 ,$393, 122 ,$400, 100 ,$410, 111 ,$430, 105 ,$420, 139 ,$420, 93 ,$400, 126 ,$400, 97 ,$400, 121 ,$400, 85 ,$450, 110 ,$415, 101 ,$430, 100 ,$450, 76 ,$450, 104 ,$451, 68 ,$450, 92 ,$468, 85 ,$500, 77 ,$480, 62 ,$500, 85 ,$520, 76 ,$530, 73 ,$525, 61 ,$570, 92 ,$610, 78 ,$600, 86 ,$600, 83 ,$620, 85 ,$650, 93 ,$620, 98 ,$650, 94 ,$638, 94 ,$688, 69 ,$680, 100 ,$710, 99 ,$650, 104 ,$698, 77 ,$725, 105 ,$725, 120 ,$750, 104 ,$750, 89 ,$750, 123 ,$775, 107 ,$750, 117 ,$750, 106 ,$750, 116 ,$750, 116 ,$760, 132 ,$763, 91 ,$720, 111 ,$790, 104 ,$763, 85 ,$800, 121 ,$825, 141 ,$775, 128 ,$750, 132 ,$833, 113 ,$820, 136 ,$795, 112 ,$850, 122 ,$830, 101 ,$795, 115 ,$800, 135 ,$800, 130 ,$850, 125 ,$850, 116 ,$850, 117 ,$820, 141 ,$855, 96 ,$865, 115 ,$895, 103 ,$850, 112 ,$855, 107 ,$800, 104 ,$778
,Stonnington, 123 ,$315, 131 ,$320, 131 ,$335, 158 ,$350, 122 ,$353, 143 ,$320, 143 ,$350, 147 ,$360, 87 ,$380, 147 ,$365, 128 ,$380, 146 ,$380, 119 ,$360, 126 ,$395, 133 ,$360, 158 ,$380, 115 ,$410, 130 ,$380, 113 ,$350, 147 ,$380, 87 ,$400, 129 ,$395, 128 ,$378, 137 ,$400, 90 ,$420, 97 ,$390, 101 ,$425, 107 ,$400, 73 ,$425, 90 ,$421, 94 ,$480, 103 ,$470, 89 ,$495, 83 ,$500, 108 ,$500, 112 ,$565, 113 ,$570, 92 ,$530, 87 ,$585, 91 ,$600, 90 ,$565, 92 ,$600, 109 ,$630, 102 ,$593, 90 ,$615, 111 ,$600, 100 ,$605, 119 ,$650, 92 ,$698, 117 ,$640, 112 ,$650, 117 ,$630, 94 ,$700, 101 ,$750, 136 ,$648, 140 ,$678, 97 ,$650, 124 ,$698, 126 ,$650, 157 ,$720, 101 ,$694, 153 ,$750, 139 ,$720, 165 ,$700, 129 ,$785, 114 ,$680, 159 ,$745, 168 ,$760, 111 ,$780, 163 ,$750, 111 ,$750, 133 ,$795, 116 ,$775, 125 ,$820, 152 ,$778, 165 ,$825, 106 ,$823, 153 ,$810, 128 ,$750, 153 ,$825, 118 ,$788, 144 ,$795, 131 ,$795, 119 ,$875, 125 ,$800, 135 ,$795
,Group Total," 2,209 ",$170," 2,422 ",$170," 2,313 ",$175," 2,441 ",$180," 2,301 ",$175," 2,511 ",$180," 2,228 ",$180," 2,446 ",$185," 2,214 ",$180," 2,553 ",$185," 2,416 ",$190," 2,519 ",$195," 2,369 ",$190," 2,554 ",$195," 2,449 ",$195," 2,682 ",$200," 2,560 ",$200," 2,806 ",$200," 2,695 ",$200," 2,813 ",$210," 2,164 ",$210," 2,654 ",$210," 2,476 ",$210," 2,638 ",$215," 2,438 ",$215," 2,574 ",$220," 2,273 ",$220," 2,422 ",$220," 2,238 ",$220," 2,308 ",$230," 2,124 ",$230," 2,451 ",$240," 2,233 ",$245," 2,425 ",$250," 2,321 ",$260," 2,724 ",$270," 2,582 ",$280," 2,530 ",$280," 2,436 ",$290," 2,478 ",$300," 2,572 ",$295," 2,745 ",$300," 2,629 ",$300," 2,712 ",$320," 2,697 ",$320," 2,918 ",$320," 2,751 ",$325," 2,847 ",$330," 2,704 ",$330," 3,115 ",$330," 2,949 ",$330," 2,984 ",$335," 2,895 ",$330," 3,181 ",$330," 3,134 ",$335," 3,158 ",$340," 2,968 ",$335," 3,105 ",$340," 2,983 ",$340," 3,082 ",$350," 2,956 ",$350," 3,269 ",$350," 3,161 ",$350," 3,177 ",$350," 3,134 ",$350," 3,346 ",$350," 3,242 ",$370," 3,324 ",$375," 3,199 ",$365," 3,567 ",$372," 3,114 ",$370," 3,413 ",$380," 3,178 ",$380," 3,475 ",$380," 3,345 ",$390," 3,486 ",$390," 3,139 ",$390," 3,413 ",$385," 3,278 ",$390," 3,381 ",$390," 3,158 ",$390," 3,454 ",$390," 3,227 ",$390," 3,285 ",$400," 2,870 ",$395," 2,464 ",$410
Table Total,Victoria," 9,998 ",$165," 10,406 ",$165," 10,285 ",$170," 11,697 ",$170," 10,130 ",$170," 10,932 ",$175," 9,845 ",$178," 11,056 ",$180," 9,610 ",$180," 10,335 ",$180," 10,220 ",$185," 11,388 ",$190," 10,174 ",$190," 10,857 ",$190," 10,518 ",$195," 12,324 ",$200," 10,890 ",$195," 11,694 ",$200," 11,577 ",$200," 12,910 ",$205," 9,620 ",$200," 11,484 ",$200," 11,067 ",$205," 12,059 ",$210," 11,052 ",$210," 11,527 ",$210," 10,350 ",$215," 11,454 ",$220," 10,025 ",$220," 10,615 ",$220," 9,924 ",$230," 11,749 ",$230," 10,106 ",$235," 11,000 ",$240," 10,552 ",$250," 12,264 ",$260," 11,497 ",$260," 11,371 ",$270," 11,234 ",$280," 12,021 ",$280," 11,283 ",$280," 12,003 ",$285," 11,931 ",$290," 12,814 ",$300," 12,356 ",$300," 13,088 ",$300," 12,728 ",$310," 13,709 ",$320," 12,564 ",$320," 13,993 ",$315," 13,131 ",$320," 14,642 ",$320," 13,155 ",$315," 14,305 ",$320," 13,855 ",$320," 14,624 ",$320," 13,752 ",$320," 14,283 ",$320," 13,576 ",$325," 14,323 ",$330," 13,032 ",$330," 14,186 ",$330," 14,394 ",$330," 14,916 ",$340," 14,253 ",$337," 14,587 ",$340," 15,039 ",$350," 15,897 ",$350," 14,785 ",$350," 15,798 ",$350," 14,361 ",$350," 15,910 ",$360," 14,200 ",$360," 15,039 ",$360," 14,741 ",$370," 15,694 ",$370," 13,783 ",$370," 14,747 ",$375," 14,002 ",$380," 14,866 ",$380," 13,688 ",$380," 14,610 ",$380," 14,038 ",$380," 14,738 ",$385," 12,955 ",$380," 11,358 ",$380
,,,,,,,,,,,,,,,,,,,,,,,,,,,,,,,,,,,,,,,,,,,,,,,,,,,,,,,,,,,,,,,,,,,,,,,,,,,,,,,,,,,,,,,,,,,,,,,,,,,,,,,,,,,,,,,,,,,,,,,,,,,,,,,,,,,,,,,,,,,,,,,,,,,,,,,,,,,,,,,,,,,,,,,,,,,,,
METRO NON-METRO,Metro," 6,388 ",$180," 6,782 ",$180," 6,710 ",$185," 7,566 ",$190," 6,690 ",$185," 7,197 ",$190," 6,634 ",$190," 7,297 ",$200," 6,522 ",$195," 7,057 ",$200," 6,964 ",$200," 7,716 ",$210," 6,855 ",$200," 7,332 ",$202," 7,116 ",$210," 8,251 ",$210," 7,303 ",$210," 7,979 ",$210," 7,678 ",$210," 8,712 ",$220," 6,380 ",$220," 7,684 ",$220," 7,318 ",$220," 7,875 ",$225," 7,204 ",$220," 7,515 ",$225," 6,701 ",$230," 7,295 ",$230," 6,479 ",$230," 6,797 ",$240," 6,369 ",$240," 7,481 ",$250," 6,447 ",$250," 7,000 ",$260," 6,703 ",$270," 7,758 ",$280," 7,286 ",$290," 7,286 ",$300," 7,240 ",$300," 7,576 ",$310," 7,272 ",$300," 7,838 ",$310," 7,817 ",$320," 8,448 ",$330," 8,105 ",$330," 8,703 ",$330," 8,511 ",$330," 9,069 ",$340," 8,347 ",$340," 9,342 ",$340," 8,786 ",$340," 9,738 ",$340," 8,594 ",$335," 9,668 ",$340," 9,297 ",$340," 9,632 ",$349," 9,044 ",$340," 9,430 ",$345," 9,011 ",$350," 9,360 ",$354," 8,610 ",$350," 9,456 ",$350," 9,472 ",$360," 9,798 ",$360," 9,366 ",$360," 9,700 ",$360," 10,023 ",$370," 10,564 ",$380," 9,844 ",$370," 10,615 ",$375," 9,523 ",$380," 10,627 ",$390," 9,468 ",$380," 10,277 ",$385," 10,046 ",$395," 10,756 ",$400," 9,310 ",$395," 10,111 ",$400," 9,769 ",$400," 10,367 ",$400," 9,380 ",$400," 10,159 ",$400," 9,634 ",$400," 10,119 ",$410," 8,781 ",$400," 7,477 ",$400
,Non-Metro," 3,610 ",$139," 3,624 ",$140," 3,575 ",$140," 4,131 ",$140," 3,440 ",$145," 3,735 ",$145," 3,211 ",$150," 3,759 ",$150," 3,088 ",$150," 3,278 ",$150," 3,256 ",$155," 3,672 ",$160," 3,319 ",$160," 3,525 ",$160," 3,402 ",$165," 4,073 ",$170," 3,587 ",$170," 3,715 ",$170," 3,899 ",$180," 4,198 ",$180," 3,240 ",$180," 3,800 ",$180," 3,749 ",$185," 4,184 ",$190," 3,848 ",$185," 4,012 ",$185," 3,649 ",$190," 4,159 ",$190," 3,546 ",$190," 3,818 ",$195," 3,555 ",$200," 4,268 ",$200," 3,659 ",$200," 4,000 ",$205," 3,849 ",$210," 4,506 ",$220," 4,211 ",$220," 4,085 ",$220," 3,994 ",$225," 4,445 ",$230," 4,011 ",$230," 4,165 ",$230," 4,114 ",$240," 4,366 ",$240," 4,251 ",$245," 4,385 ",$250," 4,217 ",$250," 4,640 ",$260," 4,217 ",$260," 4,651 ",$260," 4,345 ",$270," 4,904 ",$270," 4,561 ",$270," 4,637 ",$270," 4,558 ",$270," 4,992 ",$270," 4,708 ",$270," 4,853 ",$275," 4,565 ",$280," 4,963 ",$280," 4,422 ",$280," 4,730 ",$280," 4,922 ",$280," 5,118 ",$285," 4,887 ",$280," 4,887 ",$280," 5,016 ",$285," 5,333 ",$290," 4,941 ",$290," 5,183 ",$290," 4,838 ",$295," 5,283 ",$300," 4,732 ",$300," 4,762 ",$300," 4,695 ",$300," 4,938 ",$310," 4,473 ",$310," 4,636 ",$310," 4,233 ",$320," 4,499 ",$320," 4,308 ",$330," 4,451 ",$330," 4,404 ",$330," 4,619 ",$340," 4,174 ",$330," 3,881 ",$340
,Victoria," 9,998 ",$165," 10,406 ",$165," 10,285 ",$170," 11,697 ",$170," 10,130 ",$170," 10,932 ",$175," 9,845 ",$178," 11,056 ",$180," 9,610 ",$180," 10,335 ",$180," 10,220 ",$185," 11,388 ",$190," 10,174 ",$190," 10,857 ",$190," 10,518 ",$195," 12,324 ",$200," 10,890 ",$195," 11,694 ",$200," 11,577 ",$200," 12,910 ",$205," 9,620 ",$200," 11,484 ",$200," 11,067 ",$205," 12,059 ",$210," 11,052 ",$210," 11,527 ",$210," 10,350 ",$215," 11,454 ",$220," 10,025 ",$220," 10,615 ",$220," 9,924 ",$230," 11,749 ",$230," 10,106 ",$235," 11,000 ",$240," 10,552 ",$250," 12,264 ",$260," 11,497 ",$260," 11,371 ",$270," 11,234 ",$280," 12,021 ",$280," 11,283 ",$280," 12,003 ",$285," 11,931 ",$290," 12,814 ",$300," 12,356 ",$300," 13,088 ",$300," 12,728 ",$310," 13,709 ",$320," 12,564 ",$320," 13,993 ",$315," 13,131 ",$320," 14,642 ",$320," 13,155 ",$315," 14,305 ",$320," 13,855 ",$320," 14,624 ",$320," 13,752 ",$320," 14,283 ",$320," 13,576 ",$325," 14,323 ",$330," 13,032 ",$330," 14,186 ",$330," 14,394 ",$330," 14,916 ",$340," 14,253 ",$337," 14,587 ",$340," 15,039 ",$350," 15,897 ",$350," 14,785 ",$350," 15,798 ",$350," 14,361 ",$350," 15,910 ",$360," 14,200 ",$360," 15,039 ",$360," 14,741 ",$370," 15,694 ",$370," 13,783 ",$370," 14,747 ",$375," 14,002 ",$380," 14,866 ",$380," 13,688 ",$380," 14,610 ",$380," 14,038 ",$380," 14,738 ",$385," 12,955 ",$380," 11,358 ",$380
,,,,,,,,,,,,,,,,,,,,,,,,,,,,,,,,,,,,,,,,,,,,,,,,,,,,,,,,,,,,,,,,,,,,,,,,,,,,,,,,,,,,,,,,,,,,,,,,,,,,,,,,,,,,,,,,,,,,,,,,,,,,,,,,,,,,,,,,,,,,,,,,,,,,,,,,,,,,,,,,,,,,,,,,,,,,,
,,,,,,,,,,,,,,,,,,,,,,,,,,,,,,,,,,,,,,,,,,,,,,,,,,,,3br  Bedroom House 7/05/2012,,,,,,,,,,,,,,,,,,,,,,,,,,,,,,,,,,,,,,,,,,,,,,,,,,,,,,,,,,,,,,,,,,,,,,,,,,,,,,,,,,,,,,,,,,,,,,,,,,,,,,,,,,,,,,,,,,,,,,,,,
,,,,,,,,,,,,,,,,,,,,,,,,,,,,,,,,,,,,,,,,,,,,,,,,,,,,,Year/quarter tenancy starts,,,,,,,,,,,,,,,,,,,,,,,,,,,,,,,,,,,,,,,,,,,,,,,,,,,,,,,,,,,,,,,,,,,,,,,,,,,,,,,,,,,,,,,,,,,,,,,,,,,,,,,,,,,,,,,,,,,,,,,,
