All properties,,,,,,,,,,,,,,,,,,,,,,,,,,,,,,,,,,,,,,,,,,,,,,,,,,,,,,,,,,,,,,,,,,,,,,,,,,,,,,,,,,,,,,,,,,,,,,,,,,,,,,,,,,,,,,,,,,,,,,,,,,,,,,,,,,,,,,,,,,,,,,,,,,,,,,,,,,,,,,,,,,,,,,,,,,,,,
,,Jun 1999,,Sep 1999,,Dec 1999,,Mar 2000,,Jun 2000,,Sep 2000,,Dec 2000,,Mar 2001,,Jun 2001,,Sep 2001,,Dec 2001,,Mar 2002,,Jun 2002,,Sep 2002,,Dec 2003,,Mar 2003,,Jun 2003,,Sep 2003,,Dec 2003,,Mar 2004,,Jun 2004,,Sep 2004,,Dec 2004,,Mar 2005,,Jun 2005,,Sep 2005,,Dec 2005,,Mar 2006,,Jun 2006,,Sep 2006,,Dec 2006,,Mar 2007,,Jun 2007,,Sep 2007,,Dec 2007,,Mar 2008,,Jun 2008,,Sep 2008,,Dec 2008,,Mar 2009,,Jun 2009,,Sep 2009,,Dec 2009,,Mar 2010,,Jun 2010,,Sep 2010,,Dec 2010,,Mar 2011,,Jun 2011,,Sep 2011,,Dec 2011,,Mar 2012,,Jun 2012,,Sep 2012,,Dec 2012,,Mar 2013,,Jun 2013,,Sep 2013,,Dec 2013,,Mar 2014,,Jun 2014,,Sep 2014,,Dec 2014,,Mar 2015,,Jun 2015,,Sep 2015,,Dec 2015,,Mar 2016,,Jun 2016,,Sep 2016,,Dec 2016,,Mar 2017,,Jun 2017,,Sep 2017,,Dec 2017,,Mar 2018,,Jun 2018,,Sep 2018,,Dec 2018,,Mar 2019,,Jun 2019,,Sep 2019,,Dec 2019,,Mar 2020,,Jun2020,,Sep 2020,
,,Count,Median,Count,Median,Count,Median,Count,Median,Count,Median,Count,Median,Count,Median,Count,Median,Count,Median,Count,Median,Count,Median,Count,Median,Count,Median,Count,Median,Count,Median,Count,Median,Count,Median,Count,Median,Count,Median,Count,Median,Count,Median,Count,Median,Count,Median,Count,Median,Count,Median,Count,Median,Count,Median,Count,Median,Count,Median,Count,Median,Count,Median,Count,Median,Count,Median,Count,Median,Count,Median,Count,Median,Count,Median,Count,Median,Count,Median,Count,Median,Count,Median,Count,Median,Count,Median,Count,Median,Count,Median,Count,Median,Count,Median,Count,Median,Count,Median,Count,Median,Count,Median,Count,Median,Count,Median,Count,Median,Count,Median,Count,Median,Count,Median,Count,Median,Count,Median,Count,Median,Count,Median,Count,Median,Count,Median,Count,Median,Count,Median,Count,Median,Count,Median,Count,Median,Count,Median,Count,Median,Count,Median,Count,Median,Count,Median,Count,Median,Count,Median,Count,Median,Count,Median,Count,Median,Count,Median,Count,Median,Count,Median,Count,Median,Count,Median,Count,Median,Count,Median,Count,Median
Barwon South West,Colac-Otway, 100 ,$114, 78 ,$115, 81 ,$115, 97 ,$115, 91 ,$120, 103 ,$120, 69 ,$120, 89 ,$120, 81 ,$130, 89 ,$130, 72 ,$130, 88 ,$140, 88 ,$148, 95 ,$150, 99 ,$150, 116 ,$160, 100 ,$155, 109 ,$160, 109 ,$160, 103 ,$160, 88 ,$163, 98 ,$168, 103 ,$165, 113 ,$170, 111 ,$170, 122 ,$170, 83 ,$180, 100 ,$175, 110 ,$180, 110 ,$170, 95 ,$175, 103 ,$180, 90 ,$173, 95 ,$185, 91 ,$185, 125 ,$195, 121 ,$200, 123 ,$195, 113 ,$200, 128 ,$200, 117 ,$210, 123 ,$200, 111 ,$210, 118 ,$220, 127 ,$210, 123 ,$220, 117 ,$205, 126 ,$220, 142 ,$220, 125 ,$230, 126 ,$230, 125 ,$225, 121 ,$230, 134 ,$240, 122 ,$248, 126 ,$240, 109 ,$250, 146 ,$240, 143 ,$250, 143 ,$250, 125 ,$250, 150 ,$250, 140 ,$258, 142 ,$250, 121 ,$260, 143 ,$260, 145 ,$260, 157 ,$270, 143 ,$280, 158 ,$265, 145 ,$260, 128 ,$283, 151 ,$280, 128 ,$280, 127 ,$285, 137 ,$280, 122 ,$285, 138 ,$300, 100 ,$298, 120 ,$315, 116 ,$320, 113 ,$310, 118 ,$300, 130 ,$320, 95 ,$310, 108 ,$335
,Corangamite, 35 ,$90, 45 ,$90, 47 ,$100, 50 ,$100, 40 ,$103, 53 ,$100, 31 ,$100, 43 ,$100, 23 ,$110, 43 ,$110, 41 ,$110, 33 ,$110, 39 ,$110, 53 ,$115, 41 ,$120, 52 ,$120, 39 ,$125, 60 ,$120, 47 ,$130, 47 ,$125, 47 ,$140, 46 ,$135, 62 ,$140, 65 ,$150, 61 ,$140, 88 ,$148, 59 ,$150, 60 ,$170, 60 ,$160, 71 ,$160, 72 ,$160, 77 ,$160, 54 ,$175, 66 ,$165, 70 ,$163, 71 ,$165, 72 ,$160, 72 ,$180, 62 ,$170, 82 ,$178, 75 ,$180, 90 ,$200, 76 ,$190, 92 ,$200, 48 ,$200, 74 ,$200, 66 ,$195, 78 ,$193, 80 ,$200, 86 ,$205, 69 ,$200, 83 ,$210, 67 ,$210, 77 ,$200, 55 ,$210, 76 ,$220, 56 ,$200, 68 ,$213, 73 ,$210, 78 ,$225, 69 ,$220, 72 ,$210, 58 ,$230, 72 ,$218, 67 ,$230, 69 ,$220, 72 ,$238, 72 ,$248, 78 ,$230, 93 ,$240, 64 ,$245, 88 ,$245, 63 ,$235, 72 ,$238, 58 ,$240, 73 ,$250, 64 ,$245, 66 ,$240, 60 ,$250, 73 ,$260, 52 ,$263, 77 ,$260, 59 ,$260, 64 ,$300, 57 ,$270, 70 ,$280
,Glenelg, 124 ,$110, 119 ,$100, 120 ,$100, 141 ,$105, 129 ,$110, 133 ,$110, 126 ,$105, 105 ,$105, 113 ,$110, 107 ,$120, 85 ,$120, 123 ,$120, 104 ,$120, 117 ,$122, 109 ,$125, 109 ,$130, 97 ,$140, 109 ,$135, 112 ,$135, 125 ,$135, 92 ,$149, 103 ,$145, 85 ,$150, 104 ,$150, 97 ,$160, 110 ,$153, 105 ,$160, 123 ,$160, 87 ,$170, 105 ,$170, 92 ,$180, 101 ,$180, 96 ,$175, 112 ,$178, 98 ,$180, 123 ,$195, 124 ,$193, 120 ,$200, 122 ,$200, 123 ,$180, 106 ,$193, 111 ,$195, 104 ,$190, 141 ,$200, 116 ,$200, 145 ,$200, 124 ,$200, 158 ,$200, 107 ,$200, 154 ,$210, 133 ,$210, 128 ,$230, 101 ,$210, 119 ,$210, 95 ,$220, 152 ,$230, 131 ,$220, 161 ,$220, 115 ,$225, 148 ,$218, 127 ,$220, 124 ,$220, 127 ,$220, 135 ,$225, 126 ,$230, 128 ,$220, 106 ,$210, 127 ,$230, 108 ,$220, 144 ,$220, 120 ,$223, 111 ,$230, 94 ,$220, 112 ,$230, 103 ,$225, 87 ,$250, 99 ,$250, 86 ,$250, 98 ,$250, 123 ,$260, 98 ,$250, 110 ,$270, 92 ,$270, 94 ,$300, 97 ,$290, 83 ,$300
,Greater Geelong," 1,371 ",$135," 1,326 ",$135," 1,406 ",$140," 1,510 ",$140," 1,316 ",$140," 1,396 ",$145," 1,359 ",$145," 1,487 ",$150," 1,238 ",$149," 1,345 ",$150," 1,298 ",$155," 1,474 ",$160," 1,306 ",$160," 1,375 ",$160," 1,332 ",$163," 1,638 ",$170," 1,294 ",$165," 1,465 ",$170," 1,446 ",$178," 1,623 ",$175," 1,126 ",$175," 1,415 ",$175," 1,406 ",$180," 1,576 ",$185," 1,325 ",$180," 1,432 ",$185," 1,351 ",$190," 1,481 ",$190," 1,221 ",$195," 1,358 ",$200," 1,202 ",$200," 1,509 ",$210," 1,223 ",$210," 1,343 ",$215," 1,294 ",$220," 1,612 ",$230," 1,407 ",$235," 1,381 ",$240," 1,338 ",$250," 1,419 ",$250," 1,434 ",$250," 1,482 ",$250," 1,435 ",$255," 1,558 ",$265," 1,426 ",$270," 1,552 ",$270," 1,508 ",$284," 1,673 ",$290," 1,504 ",$290," 1,671 ",$290," 1,642 ",$295," 1,899 ",$300," 1,582 ",$295," 1,734 ",$300," 1,722 ",$300," 2,082 ",$300," 1,774 ",$295," 1,860 ",$300," 1,869 ",$300," 2,121 ",$305," 1,822 ",$300," 1,873 ",$300," 1,926 ",$310," 2,141 ",$310," 1,890 ",$300," 2,006 ",$310," 2,059 ",$315," 2,222 ",$320," 1,919 ",$320," 2,054 ",$320," 2,022 ",$330," 2,254 ",$330," 2,039 ",$330," 2,057 ",$330," 2,085 ",$345," 2,225 ",$350," 1,894 ",$350," 2,053 ",$350," 1,979 ",$360," 2,073 ",$370," 1,809 ",$370," 2,133 ",$370," 2,042 ",$375," 2,224 ",$380," 1,832 ",$370," 1,938 ",$375
,Moyne, 43 ,$130, 38 ,$120, 45 ,$120, 58 ,$120, 42 ,$120, 45 ,$140, 35 ,$125, 49 ,$130, 50 ,$130, 57 ,$135, 42 ,$140, 54 ,$148, 55 ,$150, 56 ,$153, 43 ,$150, 45 ,$150, 52 ,$170, 55 ,$160, 53 ,$160, 45 ,$160, 49 ,$170, 56 ,$164, 45 ,$180, 55 ,$170, 65 ,$180, 71 ,$180, 55 ,$180, 69 ,$200, 53 ,$200, 61 ,$190, 70 ,$180, 65 ,$200, 63 ,$190, 65 ,$200, 51 ,$190, 58 ,$200, 65 ,$190, 75 ,$200, 54 ,$195, 47 ,$180, 60 ,$213, 59 ,$220, 57 ,$240, 52 ,$240, 54 ,$240, 61 ,$250, 64 ,$255, 66 ,$260, 43 ,$250, 53 ,$260, 62 ,$265, 60 ,$250, 62 ,$250, 98 ,$240, 61 ,$250, 69 ,$280, 73 ,$250, 76 ,$260, 61 ,$260, 60 ,$260, 76 ,$260, 59 ,$280, 59 ,$270, 60 ,$270, 60 ,$278, 58 ,$280, 67 ,$280, 63 ,$280, 59 ,$280, 62 ,$280, 62 ,$300, 49 ,$280, 61 ,$280, 64 ,$283, 56 ,$283, 63 ,$280, 46 ,$295, 45 ,$280, 58 ,$300, 53 ,$320, 52 ,$343, 62 ,$315, 50 ,$340, 52 ,$360, 50 ,$300, 43 ,$320
,Queenscliffe, 18 ,$135, 17 ,$160, 20 ,$163, 34 ,$180, 21 ,$155, 18 ,$170, 19 ,$155, 24 ,$170, 14 ,$180, 22 ,$168, 18 ,$168, 26 ,$170, 22 ,$185, 27 ,$175, 14 ,$183, 23 ,$185, 23 ,$190, 22 ,$180, 23 ,$200, 26 ,$200, 18 ,$180, 7 ,$200, 18 ,$185, 27 ,$200, 26 ,$200, 20 ,$175, 14 ,$218, 21 ,$185, 28 ,$211, 16 ,$200, 9 ,$250, 22 ,$230, 14 ,$240, 20 ,$228, 13 ,$220, 10 ,$250, - ,-, 10 ,$270, - ,-, - ,-, 9 ,$260, 9 ,$260, 8 ,$270, 12 ,$340, 6 ,$270, 6 ,$288, 6 ,$275, 11 ,$315, 7 ,$320, 9 ,$270, 14 ,$350, 9 ,$340, - ,-, 11 ,$320, 10 ,$310, 8 ,$360, 10 ,$388, 16 ,$305, 10 ,$325, 8 ,$345, 7 ,$375, 10 ,$313, 5 ,$275, 10 ,$293, 5 ,$295, 6 ,$340, 8 ,$340, 8 ,$335, 10 ,$293, 11 ,$360, 8 ,$363, 15 ,$350, 7 ,$350, 8 ,$360, - ,-, 11 ,$370, 8 ,$310, 7 ,$320, 9 ,$390, 8 ,$400, 7 ,$390, 8 ,$375, 6 ,$405, 11 ,$360, 5 ,$480, 10 ,$358
,Southern Grampians, 97 ,$110, 86 ,$105, 87 ,$110, 94 ,$115, 100 ,$105, 89 ,$100, 108 ,$100, 94 ,$105, 85 ,$100, 85 ,$115, 86 ,$110, 91 ,$110, 72 ,$110, 84 ,$110, 78 ,$100, 85 ,$120, 74 ,$130, 60 ,$125, 78 ,$140, 88 ,$140, 60 ,$145, 81 ,$150, 75 ,$170, 93 ,$180, 84 ,$180, 69 ,$170, 84 ,$180, 88 ,$190, 86 ,$180, 105 ,$180, 68 ,$183, 95 ,$180, 84 ,$180, 74 ,$170, 92 ,$180, 90 ,$195, 98 ,$168, 87 ,$190, 83 ,$170, 94 ,$200, 94 ,$195, 92 ,$190, 81 ,$200, 114 ,$210, 81 ,$200, 99 ,$200, 79 ,$195, 86 ,$200, 77 ,$220, 80 ,$220, 81 ,$230, 91 ,$220, 88 ,$240, 90 ,$220, 82 ,$210, 107 ,$220, 75 ,$220, 89 ,$220, 96 ,$220, 108 ,$228, 86 ,$220, 93 ,$230, 85 ,$230, 116 ,$220, 91 ,$220, 113 ,$220, 107 ,$230, 118 ,$220, 104 ,$220, 99 ,$240, 115 ,$220, 109 ,$230, 97 ,$230, 86 ,$215, 92 ,$240, 115 ,$230, 93 ,$230, 83 ,$230, 80 ,$240, 107 ,$250, 68 ,$270, 83 ,$260, 70 ,$258, 105 ,$270, 85 ,$250, 79 ,$270
,Surf Coast, 135 ,$145, 153 ,$150, 124 ,$150, 156 ,$158, 150 ,$158, 155 ,$170, 120 ,$165, 150 ,$170, 131 ,$180, 166 ,$175, 98 ,$170, 165 ,$180, 160 ,$180, 162 ,$185, 129 ,$210, 136 ,$200, 160 ,$195, 153 ,$200, 134 ,$210, 171 ,$210, 133 ,$200, 148 ,$205, 155 ,$220, 145 ,$230, 173 ,$230, 174 ,$230, 131 ,$250, 162 ,$240, 143 ,$250, 192 ,$250, 137 ,$260, 149 ,$270, 155 ,$260, 172 ,$260, 162 ,$280, 176 ,$280, 176 ,$268, 159 ,$285, 166 ,$300, 170 ,$330, 162 ,$300, 214 ,$290, 177 ,$330, 184 ,$330, 174 ,$335, 176 ,$320, 164 ,$360, 208 ,$350, 185 ,$350, 208 ,$340, 156 ,$400, 218 ,$363, 198 ,$368, 202 ,$360, 195 ,$380, 163 ,$370, 208 ,$364, 211 ,$350, 183 ,$375, 194 ,$393, 188 ,$395, 222 ,$375, 178 ,$400, 216 ,$400, 209 ,$390, 228 ,$395, 211 ,$410, 229 ,$410, 269 ,$410, 207 ,$420, 203 ,$450, 247 ,$440, 237 ,$430, 253 ,$440, 221 ,$450, 223 ,$450, 217 ,$440, 220 ,$450, 206 ,$463, 228 ,$488, 290 ,$440, 279 ,$460, 304 ,$450, 354 ,$450, 326 ,$440, 383 ,$450
,Warrnambool, 281 ,$130, 276 ,$130, 329 ,$130, 359 ,$130, 250 ,$145, 244 ,$135, 254 ,$138, 300 ,$140, 257 ,$145, 253 ,$145, 252 ,$145, 321 ,$150, 218 ,$155, 267 ,$155, 289 ,$165, 338 ,$160, 222 ,$170, 267 ,$170, 273 ,$175, 332 ,$180, 251 ,$190, 268 ,$190, 265 ,$190, 349 ,$185, 246 ,$200, 247 ,$200, 281 ,$200, 336 ,$200, 225 ,$210, 258 ,$213, 277 ,$210, 320 ,$200, 255 ,$220, 258 ,$220, 289 ,$220, 370 ,$215, 282 ,$223, 277 ,$240, 310 ,$240, 315 ,$230, 286 ,$230, 289 ,$250, 239 ,$260, 288 ,$270, 258 ,$278, 251 ,$275, 317 ,$270, 312 ,$280, 287 ,$280, 313 ,$280, 310 ,$288, 361 ,$290, 363 ,$280, 346 ,$270, 347 ,$278, 374 ,$290, 358 ,$275, 328 ,$278, 370 ,$280, 424 ,$280, 311 ,$276, 342 ,$280, 364 ,$280, 328 ,$290, 297 ,$290, 351 ,$290, 330 ,$280, 387 ,$280, 307 ,$280, 340 ,$290, 326 ,$285, 359 ,$290, 264 ,$290, 285 ,$290, 282 ,$290, 336 ,$300, 280 ,$300, 261 ,$300, 249 ,$315, 266 ,$330, 266 ,$340, 226 ,$330, 236 ,$330, 276 ,$350, 216 ,$330, 208 ,$343
,Group Total," 2,204 ",$130," 2,138 ",$130," 2,259 ",$135," 2,499 ",$135," 2,139 ",$140," 2,236 ",$140," 2,121 ",$140," 2,341 ",$140," 1,992 ",$140," 2,167 ",$145," 1,992 ",$150," 2,375 ",$150," 2,064 ",$155," 2,236 ",$160," 2,134 ",$160," 2,542 ",$165," 2,061 ",$165," 2,300 ",$165," 2,275 ",$170," 2,560 ",$175," 1,864 ",$175," 2,222 ",$175," 2,214 ",$180," 2,527 ",$180," 2,188 ",$180," 2,333 ",$185," 2,163 ",$190," 2,440 ",$190," 2,013 ",$195," 2,276 ",$200," 2,022 ",$200," 2,441 ",$200," 2,034 ",$205," 2,205 ",$210," 2,160 ",$210," 2,635 ",$225," 2,349 ",$225," 2,304 ",$230," 2,251 ",$240," 2,381 ",$240," 2,343 ",$240," 2,469 ",$250," 2,288 ",$250," 2,559 ",$260," 2,290 ",$260," 2,487 ",$260," 2,445 ",$270," 2,718 ",$280," 2,432 ",$280," 2,699 ",$280," 2,593 ",$285," 2,974 ",$290," 2,586 ",$285," 2,811 ",$290," 2,689 ",$290," 3,157 ",$294," 2,794 ",$290," 2,955 ",$290," 2,920 ",$295," 3,284 ",$300," 2,811 ",$295," 2,945 ",$295," 2,942 ",$300," 3,220 ",$300," 2,866 ",$300," 3,102 ",$300," 3,105 ",$300," 3,383 ",$310," 2,997 ",$305," 3,168 ",$300," 3,065 ",$310," 3,360 ",$320," 3,013 ",$320," 3,065 ",$320," 3,027 ",$330," 3,270 ",$340," 2,823 ",$340," 2,959 ",$340," 2,839 ",$350," 3,051 ",$360," 2,758 ",$360," 3,091 ",$360," 2,977 ",$370," 3,310 ",$375," 2,763 ",$360," 2,922 ",$375
Grampians,Ararat, 69 ,$110, 56 ,$100, 67 ,$105, 73 ,$100, 59 ,$100, 74 ,$98, 63 ,$100, 63 ,$110, 54 ,$108, 51 ,$110, 45 ,$110, 60 ,$110, 49 ,$120, 51 ,$110, 47 ,$110, 67 ,$120, 62 ,$120, 54 ,$130, 49 ,$120, 65 ,$120, 50 ,$120, 52 ,$133, 59 ,$130, 47 ,$130, 51 ,$140, 52 ,$130, 43 ,$140, 54 ,$135, 56 ,$135, 45 ,$145, 43 ,$140, 64 ,$145, 41 ,$145, 46 ,$145, 44 ,$158, 54 ,$153, 66 ,$150, 61 ,$160, 50 ,$155, 74 ,$160, 54 ,$160, 71 ,$170, 63 ,$170, 65 ,$180, 70 ,$180, 76 ,$200, 57 ,$170, 84 ,$200, 67 ,$215, 83 ,$220, 62 ,$215, 96 ,$220, 69 ,$210, 81 ,$210, 81 ,$205, 106 ,$225, 80 ,$245, 69 ,$230, 65 ,$220, 91 ,$240, 66 ,$230, 79 ,$230, 70 ,$240, 102 ,$240, 64 ,$233, 90 ,$238, 95 ,$250, 65 ,$240, 87 ,$235, 86 ,$265, 64 ,$240, 82 ,$240, 85 ,$240, 85 ,$260, 101 ,$245, 77 ,$250, 90 ,$260, 86 ,$280, 70 ,$273, 85 ,$300, 71 ,$270, 71 ,$270, 81 ,$270, 67 ,$280, 73 ,$280, 56 ,$285
,Ballarat, 663 ,$130, 659 ,$130, 696 ,$133," 1,098 ",$135, 619 ,$135, 730 ,$140, 682 ,$140, 899 ,$140, 582 ,$140, 632 ,$150, 647 ,$150, 880 ,$150, 643 ,$160, 623 ,$155, 690 ,$160, 917 ,$160, 680 ,$165, 674 ,$165, 725 ,$170, 901 ,$175, 613 ,$170, 709 ,$170, 726 ,$175, 946 ,$178, 709 ,$180, 725 ,$180, 691 ,$180, 907 ,$185, 636 ,$180, 704 ,$180, 645 ,$190, 892 ,$190, 687 ,$190, 687 ,$190, 722 ,$195, 939 ,$200, 779 ,$210, 720 ,$210, 780 ,$220, 923 ,$220, 757 ,$220, 764 ,$220, 812 ,$230, 972 ,$230, 734 ,$235, 731 ,$238, 868 ,$240, 995 ,$250, 787 ,$250, 836 ,$250, 914 ,$260," 1,051 ",$260, 942 ,$250, 914 ,$260," 1,020 ",$265," 1,117 ",$260, 959 ,$265, 978 ,$260," 1,007 ",$260," 1,204 ",$270," 1,028 ",$270," 1,002 ",$270," 1,068 ",$270," 1,161 ",$270," 1,062 ",$265," 1,078 ",$268," 1,134 ",$270," 1,232 ",$270," 1,134 ",$265," 1,118 ",$270," 1,040 ",$280," 1,141 ",$280," 1,048 ",$280, 980 ,$280," 1,036 ",$290," 1,179 ",$290, 900 ,$295, 939 ,$300, 977 ,$300," 1,070 ",$310, 925 ,$310, 968 ,$320," 1,020 ",$320," 1,185 ",$330," 1,030 ",$320," 1,036 ",$325
,Golden Plains, 24 ,$143, 23 ,$135, 20 ,$128, 16 ,$143, 12 ,$130, 19 ,$135, 20 ,$138, 18 ,$135, 25 ,$140, 17 ,$145, 13 ,$140, 8 ,$155, 19 ,$140, 23 ,$150, 14 ,$155, 24 ,$155, 18 ,$140, 21 ,$170, 23 ,$180, 23 ,$175, 17 ,$200, 22 ,$192, 22 ,$165, 32 ,$210, 18 ,$178, 23 ,$185, 26 ,$180, 25 ,$215, 23 ,$200, 27 ,$185, 31 ,$210, 27 ,$230, 26 ,$200, 25 ,$210, 33 ,$240, 34 ,$193, 27 ,$250, 32 ,$240, 26 ,$250, 30 ,$253, 41 ,$240, 25 ,$260, 25 ,$250, 31 ,$250, 25 ,$280, 31 ,$270, 31 ,$280, 44 ,$280, 36 ,$300, 33 ,$315, 39 ,$320, 34 ,$290, 44 ,$300, 37 ,$330, 39 ,$330, 42 ,$288, 36 ,$280, 49 ,$300, 43 ,$320, 47 ,$320, 41 ,$290, 33 ,$330, 36 ,$330, 48 ,$305, 44 ,$320, 45 ,$330, 43 ,$320, 43 ,$350, 39 ,$345, 48 ,$348, 33 ,$320, 37 ,$350, 37 ,$350, 49 ,$350, 37 ,$360, 34 ,$345, 41 ,$370, 26 ,$380, 24 ,$395, 39 ,$380, 37 ,$400, 46 ,$395, 32 ,$380, 44 ,$403, 47 ,$400, 43 ,$395
,Hepburn, 57 ,$130, 60 ,$130, 53 ,$130, 70 ,$135, 55 ,$135, 62 ,$140, 47 ,$135, 55 ,$140, 44 ,$145, 53 ,$150, 43 ,$145, 59 ,$150, 43 ,$150, 54 ,$150, 46 ,$155, 49 ,$160, 69 ,$155, 60 ,$160, 65 ,$160, 63 ,$170, 55 ,$160, 65 ,$165, 62 ,$170, 82 ,$170, 74 ,$170, 60 ,$180, 60 ,$178, 67 ,$170, 56 ,$183, 61 ,$180, 58 ,$190, 73 ,$185, 56 ,$190, 72 ,$195, 56 ,$195, 78 ,$203, 69 ,$200, 69 ,$220, 81 ,$205, 81 ,$230, 68 ,$220, 68 ,$213, 54 ,$228, 61 ,$250, 62 ,$240, 83 ,$250, 58 ,$250, 60 ,$270, 68 ,$270, 89 ,$250, 68 ,$275, 69 ,$290, 75 ,$275, 66 ,$278, 74 ,$278, 67 ,$285, 69 ,$280, 71 ,$280, 61 ,$280, 81 ,$300, 76 ,$283, 69 ,$295, 73 ,$300, 73 ,$295, 77 ,$290, 78 ,$300, 77 ,$320, 68 ,$310, 72 ,$320, 71 ,$310, 81 ,$310, 72 ,$305, 68 ,$320, 80 ,$340, 73 ,$320, 76 ,$340, 74 ,$330, 71 ,$350, 57 ,$350, 77 ,$350, 73 ,$350, 59 ,$340, 67 ,$360, 66 ,$363, 97 ,$350, 62 ,$350
,Hindmarsh, 10 ,$93, 16 ,$85, 15 ,$100, 15 ,$110, 19 ,$95, 9 ,$100, 15 ,$100, 20 ,$100, 8 ,$98, 23 ,$95, 14 ,$110, 17 ,$100, 8 ,$105, 12 ,$100, 16 ,$103, 19 ,$110, 18 ,$118, 16 ,$115, 16 ,$123, 34 ,$130, 16 ,$108, 17 ,$130, 18 ,$120, 23 ,$120, 19 ,$130, 14 ,$130, 20 ,$130, 18 ,$120, 19 ,$130, 22 ,$130, 15 ,$130, 28 ,$130, 29 ,$130, 28 ,$133, 19 ,$135, 31 ,$130, 31 ,$140, 23 ,$135, 23 ,$130, 24 ,$145, 27 ,$145, 21 ,$150, 24 ,$148, 22 ,$148, 19 ,$160, 30 ,$150, 25 ,$145, 27 ,$145, 14 ,$150, 33 ,$140, 20 ,$140, 28 ,$155, 20 ,$150, 19 ,$140, 25 ,$165, 30 ,$158, 14 ,$185, 33 ,$155, 18 ,$168, 26 ,$155, 24 ,$153, 31 ,$160, 27 ,$180, 35 ,$160, 26 ,$163, 25 ,$165, 23 ,$160, 31 ,$180, 30 ,$168, 18 ,$163, 29 ,$180, 35 ,$185, 30 ,$185, 28 ,$190, 28 ,$168, 26 ,$188, 31 ,$175, 24 ,$195, 21 ,$165, 27 ,$180, 34 ,$200, 33 ,$210, 23 ,$185, 26 ,$178, 21 ,$190, 25 ,$210
,Horsham, 130 ,$115, 181 ,$115, 152 ,$120, 195 ,$115, 162 ,$125, 175 ,$125, 159 ,$125, 152 ,$125, 134 ,$130, 141 ,$125, 154 ,$127, 142 ,$130, 122 ,$140, 134 ,$135, 119 ,$135, 194 ,$140, 126 ,$150, 148 ,$145, 164 ,$145, 165 ,$155, 132 ,$150, 154 ,$155, 163 ,$160, 166 ,$155, 147 ,$150, 139 ,$160, 123 ,$160, 150 ,$155, 142 ,$160, 139 ,$160, 146 ,$163, 190 ,$160, 145 ,$160, 151 ,$165, 161 ,$170, 224 ,$175, 176 ,$170, 185 ,$170, 165 ,$170, 203 ,$180, 167 ,$185, 139 ,$175, 161 ,$180, 184 ,$188, 168 ,$190, 165 ,$190, 158 ,$193, 213 ,$195, 165 ,$220, 162 ,$200, 149 ,$220, 190 ,$220, 158 ,$220, 150 ,$230, 156 ,$222, 181 ,$225, 148 ,$235, 160 ,$230, 153 ,$220, 171 ,$250, 152 ,$240, 181 ,$250, 159 ,$250, 166 ,$250, 145 ,$250, 191 ,$245, 160 ,$245, 219 ,$250, 161 ,$250, 214 ,$250, 150 ,$255, 218 ,$255, 162 ,$260, 173 ,$250, 143 ,$275, 220 ,$260, 147 ,$270, 196 ,$260, 185 ,$270, 191 ,$280, 165 ,$275, 170 ,$275, 172 ,$270, 181 ,$280, 181 ,$275, 146 ,$280
,Moorabool, 94 ,$145, 101 ,$145, 80 ,$145, 99 ,$145, 77 ,$140, 103 ,$150, 70 ,$148, 92 ,$145, 73 ,$145, 83 ,$150, 81 ,$165, 71 ,$150, 73 ,$160, 79 ,$160, 86 ,$160, 100 ,$165, 88 ,$170, 82 ,$170, 87 ,$175, 94 ,$170, 79 ,$170, 95 ,$180, 88 ,$178, 90 ,$180, 107 ,$180, 85 ,$180, 92 ,$180, 111 ,$190, 88 ,$185, 91 ,$185, 89 ,$190, 99 ,$190, 82 ,$190, 85 ,$220, 101 ,$195, 92 ,$220, 81 ,$231, 93 ,$210, 99 ,$240, 98 ,$230, 82 ,$243, 90 ,$250, 118 ,$250, 99 ,$250, 98 ,$253, 110 ,$260, 102 ,$278, 103 ,$275, 120 ,$285, 147 ,$280, 117 ,$280, 147 ,$270, 128 ,$282, 139 ,$290, 145 ,$299, 152 ,$280, 151 ,$285, 162 ,$290, 139 ,$290, 140 ,$290, 153 ,$290, 151 ,$300, 118 ,$300, 142 ,$298, 139 ,$295, 173 ,$300, 129 ,$310, 118 ,$310, 130 ,$310, 157 ,$310, 125 ,$320, 127 ,$310, 133 ,$320, 159 ,$335, 118 ,$330, 137 ,$350, 137 ,$345, 149 ,$350, 120 ,$360, 151 ,$350, 147 ,$360, 171 ,$360, 143 ,$360, 150 ,$350, 155 ,$350, 146 ,$365
,Northern Grampians, 75 ,$105, 61 ,$110, 73 ,$110, 77 ,$110, 61 ,$110, 52 ,$100, 55 ,$120, 77 ,$118, 82 ,$115, 68 ,$115, 67 ,$115, 78 ,$113, 68 ,$118, 63 ,$120, 49 ,$125, 81 ,$120, 61 ,$120, 71 ,$125, 87 ,$125, 68 ,$125, 75 ,$130, 66 ,$130, 69 ,$125, 71 ,$135, 75 ,$132, 77 ,$135, 47 ,$130, 72 ,$140, 50 ,$140, 57 ,$135, 68 ,$140, 92 ,$140, 75 ,$135, 71 ,$145, 67 ,$140, 92 ,$150, 66 ,$140, 70 ,$140, 63 ,$150, 91 ,$150, 69 ,$150, 71 ,$150, 75 ,$155, 70 ,$150, 68 ,$150, 77 ,$160, 73 ,$160, 72 ,$160, 59 ,$165, 59 ,$165, 57 ,$160, 56 ,$183, 59 ,$185, 66 ,$170, 75 ,$180, 72 ,$185, 64 ,$180, 61 ,$200, 49 ,$180, 56 ,$180, 66 ,$195, 58 ,$200, 53 ,$190, 73 ,$190, 51 ,$190, 70 ,$200, 76 ,$213, 66 ,$200, 63 ,$220, 67 ,$185, 73 ,$190, 73 ,$210, 65 ,$200, 50 ,$210, 70 ,$183, 75 ,$210, 70 ,$220, 79 ,$230, 64 ,$220, 84 ,$220, 73 ,$230, 50 ,$265, 76 ,$250, 66 ,$235, 60 ,$250, 37 ,$250
,Pyrenees, 12 ,$115, 19 ,$120, 12 ,$113, 16 ,$115, 8 ,$113, 9 ,$115, 7 ,$130, 12 ,$125, 10 ,$105, 8 ,$105, 12 ,$105, 12 ,$125, 12 ,$118, 14 ,$125, 11 ,$140, 8 ,$123, 11 ,$135, 8 ,$100, 7 ,$140, 9 ,$130, 10 ,$143, 11 ,$125, 14 ,$128, 10 ,$133, 9 ,$120, 11 ,$155, 13 ,$130, 5 ,$155, 8 ,$160, 10 ,$153, 10 ,$160, 14 ,$140, 11 ,$140, 15 ,$140, 7 ,$160, 12 ,$148, 6 ,$140, 8 ,$142, 11 ,$135, 8 ,$168, 7 ,$150, 13 ,$150, 7 ,$170, 8 ,$155, 12 ,$185, 13 ,$195, 14 ,$165, 17 ,$195, 14 ,$200, 15 ,$220, 12 ,$190, 20 ,$215, 11 ,$220, 19 ,$200, 12 ,$200, 20 ,$250, 24 ,$198, 17 ,$235, 18 ,$205, 16 ,$220, 16 ,$240, 20 ,$220, 19 ,$240, 17 ,$230, 18 ,$245, 16 ,$225, 18 ,$223, 12 ,$228, 19 ,$240, 28 ,$240, 18 ,$218, 19 ,$250, 17 ,$230, 11 ,$190, 14 ,$245, 11 ,$250, 18 ,$290, 25 ,$260, 19 ,$260, 20 ,$253, 13 ,$300, 18 ,$265, 21 ,$300, 11 ,$290, 18 ,$265, 15 ,$300
,West Wimmera, 10 ,$77, 10 ,$90, 8 ,$90, 11 ,$90, 11 ,$90, 6 ,$95, 8 ,$90, 6 ,$80, - ,-, 6 ,$88, 7 ,$95, 8 ,$73, - ,-, 7 ,$85, 8 ,$93, 9 ,$100, 8 ,$95, 5 ,$100, - ,-, - ,-, - ,-, 6 ,$110, 7 ,$105, 7 ,$100, 6 ,$105, - ,-, - ,-, 5 ,$110, 7 ,$120, 6 ,$113, 7 ,$120, 7 ,$110, 8 ,$129, 6 ,$120, 7 ,$135, 6 ,$130, 5 ,$120, 7 ,$110, 5 ,$140, 5 ,$120, - ,-, - ,-, 5 ,$150, 5 ,$130, - ,-, - ,-, 10 ,$148, 8 ,$140, 5 ,$150, 11 ,$150, 6 ,$155, - ,-, - ,-, - ,-, 5 ,$145, - ,-, - ,-, - ,-, 7 ,$138, 6 ,$163, 5 ,$140, 8 ,$153, 8 ,$155, 7 ,$170, 5 ,$170, - ,-, 6 ,$165, 9 ,$160, - ,-, 9 ,$170, - ,-, 12 ,$183, 10 ,$190, 6 ,$200, 6 ,$163, 13 ,$180, 10 ,$180, 7 ,$200, 4 ,$158, 9 ,$180, 12 ,$195, 4 ,$185, 3 ,$180, 14 ,$178, 7 ,$180, 8 ,$210
,Yarriambiack, 16 ,$80, 13 ,$80, 14 ,$73, 11 ,$80, 15 ,$80, 11 ,$75, 11 ,$80, 18 ,$83, 13 ,$70, 7 ,$90, 14 ,$78, 18 ,$98, 12 ,$88, 7 ,$100, 11 ,$100, 13 ,$90, 17 ,$100, 13 ,$98, 14 ,$98, 19 ,$100, 16 ,$110, 11 ,$110, 19 ,$110, 19 ,$100, 13 ,$110, 19 ,$110, 22 ,$110, 18 ,$120, 17 ,$110, 15 ,$135, 23 ,$130, 24 ,$125, 27 ,$120, 20 ,$123, 24 ,$150, 33 ,$130, 33 ,$130, 24 ,$135, 25 ,$130, 26 ,$143, 22 ,$140, 26 ,$130, 30 ,$140, 29 ,$140, 25 ,$130, 26 ,$150, 26 ,$140, 26 ,$145, 28 ,$143, 36 ,$140, 27 ,$150, 31 ,$140, 23 ,$145, 31 ,$150, 20 ,$168, 22 ,$150, 15 ,$150, 29 ,$156, 20 ,$145, 31 ,$160, 16 ,$153, 23 ,$165, 21 ,$160, 32 ,$163, 35 ,$160, 21 ,$160, 22 ,$175, 30 ,$168, 32 ,$175, 21 ,$170, 22 ,$163, 32 ,$180, 24 ,$165, 18 ,$175, 26 ,$173, 27 ,$180, 25 ,$175, 27 ,$180, 16 ,$190, 27 ,$185, 24 ,$183, 22 ,$193, 23 ,$180, 19 ,$200, 18 ,$200, 17 ,$200
,Group Total," 1,160 ",$125," 1,199 ",$125," 1,190 ",$130," 1,681 ",$130," 1,098 ",$130," 1,250 ",$130," 1,137 ",$135," 1,412 ",$135," 1,027 ",$135," 1,089 ",$140," 1,097 ",$140," 1,353 ",$140," 1,052 ",$150," 1,067 ",$150," 1,097 ",$150," 1,481 ",$152," 1,158 ",$155," 1,152 ",$160," 1,241 ",$160," 1,444 ",$165," 1,065 ",$160," 1,208 ",$165," 1,247 ",$165," 1,493 ",$170," 1,228 ",$170," 1,209 ",$170," 1,141 ",$175," 1,432 ",$175," 1,102 ",$175," 1,177 ",$175," 1,135 ",$180," 1,510 ",$180," 1,187 ",$180," 1,206 ",$180," 1,241 ",$190," 1,595 ",$190," 1,339 ",$195," 1,292 ",$200," 1,328 ",$210," 1,563 ",$210," 1,297 ",$210," 1,290 ",$200," 1,374 ",$220," 1,546 ",$220," 1,285 ",$220," 1,345 ",$225," 1,422 ",$230," 1,649 ",$240," 1,363 ",$250," 1,504 ",$240," 1,471 ",$250," 1,725 ",$250," 1,532 ",$250," 1,525 ",$250," 1,652 ",$260," 1,812 ",$255," 1,564 ",$260," 1,632 ",$260," 1,580 ",$260," 1,869 ",$265," 1,643 ",$260," 1,655 ",$260," 1,652 ",$265," 1,856 ",$265," 1,666 ",$260," 1,791 ",$265," 1,783 ",$270," 1,893 ",$265," 1,771 ",$265," 1,837 ",$270," 1,638 ",$270," 1,848 ",$270," 1,679 ",$270," 1,639 ",$280," 1,652 ",$280," 1,875 ",$285," 1,543 ",$290," 1,629 ",$300," 1,557 ",$300," 1,780 ",$310," 1,574 ",$303," 1,612 ",$315," 1,661 ",$320," 1,829 ",$320," 1,707 ",$320," 1,591 ",$320
Loddon Mallee,Buloke, 12 ,$85, 9 ,$90, 7 ,$80, 9 ,$85, 11 ,$70, 8 ,$100, 7 ,$100, 18 ,$90, 5 ,$95, 9 ,$80, 10 ,$85, 8 ,$90, 9 ,$90, 6 ,$90, 7 ,$100, 8 ,$110, 11 ,$100, - ,-, 12 ,$110, 14 ,$105, 5 ,$110, 15 ,$110, 9 ,$120, 11 ,$90, 12 ,$120, 11 ,$100, - ,-, 13 ,$100, 9 ,$125, 7 ,$120, 8 ,$125, 5 ,$125, - ,-, 12 ,$125, 6 ,$135, 15 ,$140, 6 ,$148, 16 ,$150, 14 ,$150, 20 ,$155, 9 ,$165, 16 ,$140, 13 ,$145, 17 ,$165, 16 ,$153, 15 ,$145, 18 ,$128, 11 ,$155, 15 ,$150, 15 ,$160, 13 ,$150, 21 ,$150, 10 ,$155, 13 ,$170, 13 ,$170, 15 ,$170, 14 ,$183, 12 ,$173, 13 ,$185, 16 ,$165, 6 ,$158, 11 ,$180, 17 ,$175, 25 ,$180, 10 ,$175, 15 ,$175, 12 ,$185, 9 ,$160, 18 ,$180, 20 ,$180, 17 ,$165, 17 ,$185, 10 ,$183, 16 ,$180, 23 ,$190, 23 ,$180, 20 ,$195, 21 ,$195, 14 ,$200, 19 ,$190, 18 ,$203, 13 ,$190, 13 ,$205, 19 ,$220, 15 ,$200, 11 ,$220
,Campaspe, 218 ,$135, 209 ,$140, 262 ,$130, 219 ,$140, 222 ,$140, 208 ,$135, 212 ,$135, 234 ,$140, 182 ,$140, 218 ,$140, 212 ,$140, 210 ,$150, 175 ,$150, 213 ,$160, 190 ,$150, 219 ,$150, 200 ,$160, 225 ,$160, 213 ,$175, 237 ,$170, 189 ,$165, 240 ,$160, 242 ,$170, 205 ,$170, 206 ,$170, 243 ,$170, 202 ,$170, 233 ,$170, 196 ,$170, 208 ,$180, 203 ,$180, 235 ,$180, 193 ,$185, 234 ,$188, 206 ,$190, 292 ,$185, 252 ,$190, 238 ,$195, 247 ,$190, 260 ,$195, 249 ,$200, 255 ,$195, 220 ,$200, 254 ,$190, 233 ,$215, 229 ,$215, 227 ,$200, 237 ,$210, 233 ,$210, 246 ,$220, 188 ,$223, 222 ,$230, 228 ,$223, 217 ,$220, 223 ,$225, 223 ,$230, 202 ,$228, 224 ,$220, 206 ,$243, 201 ,$230, 200 ,$250, 214 ,$230, 223 ,$250, 210 ,$250, 187 ,$240, 221 ,$260, 220 ,$260, 199 ,$260, 179 ,$265, 200 ,$260, 197 ,$270, 219 ,$260, 215 ,$265, 228 ,$260, 194 ,$268, 205 ,$275, 203 ,$270, 194 ,$280, 171 ,$270, 206 ,$288, 199 ,$280, 197 ,$290, 202 ,$280, 201 ,$290, 179 ,$300, 162 ,$300
,Central Goldfields, 58 ,$110, 59 ,$110, 56 ,$110, 84 ,$115, 62 ,$110, 58 ,$110, 49 ,$115, 62 ,$115, 45 ,$110, 54 ,$115, 54 ,$120, 61 ,$120, 43 ,$120, 50 ,$125, 44 ,$125, 69 ,$125, 57 ,$130, 53 ,$130, 63 ,$130, 58 ,$130, 47 ,$140, 54 ,$140, 67 ,$140, 82 ,$145, 48 ,$140, 68 ,$140, 47 ,$138, 65 ,$145, 51 ,$145, 66 ,$145, 61 ,$140, 59 ,$150, 59 ,$150, 55 ,$150, 60 ,$155, 59 ,$155, 67 ,$165, 47 ,$165, 63 ,$166, 61 ,$175, 64 ,$170, 72 ,$168, 73 ,$170, 69 ,$185, 61 ,$175, 62 ,$188, 66 ,$185, 61 ,$195, 60 ,$200, 62 ,$205, 62 ,$215, 70 ,$208, 68 ,$200, 67 ,$200, 67 ,$225, 81 ,$220, 52 ,$225, 68 ,$220, 50 ,$230, 69 ,$220, 55 ,$220, 74 ,$225, 74 ,$228, 69 ,$235, 78 ,$240, 82 ,$230, 75 ,$230, 73 ,$240, 91 ,$225, 83 ,$230, 69 ,$230, 80 ,$233, 66 ,$238, 80 ,$230, 73 ,$225, 73 ,$250, 68 ,$250, 53 ,$250, 61 ,$255, 54 ,$250, 65 ,$250, 70 ,$255, 62 ,$263, 63 ,$265, 63 ,$250, 37 ,$285
,Gannawarra, 56 ,$100, 49 ,$105, 42 ,$110, 64 ,$110, 41 ,$100, 42 ,$110, 42 ,$110, 53 ,$100, 36 ,$110, 49 ,$120, 37 ,$110, 42 ,$110, 53 ,$120, 43 ,$110, 44 ,$110, 66 ,$110, 49 ,$110, 41 ,$120, 49 ,$120, 51 ,$120, 44 ,$118, 42 ,$120, 40 ,$120, 56 ,$125, 45 ,$130, 51 ,$130, 46 ,$127, 63 ,$130, 55 ,$130, 44 ,$140, 35 ,$140, 65 ,$140, 61 ,$140, 45 ,$140, 51 ,$140, 68 ,$149, 49 ,$140, 37 ,$150, 50 ,$144, 59 ,$150, 59 ,$145, 63 ,$150, 43 ,$150, 48 ,$158, 62 ,$150, 49 ,$150, 55 ,$150, 67 ,$155, 54 ,$165, 56 ,$155, 52 ,$150, 50 ,$160, 48 ,$173, 51 ,$170, 35 ,$160, 60 ,$163, 49 ,$160, 46 ,$173, 55 ,$175, 49 ,$170, 49 ,$180, 48 ,$178, 48 ,$180, 50 ,$200, 57 ,$190, 43 ,$190, 49 ,$190, 56 ,$180, 37 ,$190, 55 ,$195, 40 ,$190, 52 ,$200, 43 ,$200, 53 ,$205, 60 ,$198, 50 ,$206, 45 ,$200, 53 ,$205, 52 ,$220, 52 ,$220, 52 ,$220, 48 ,$220, 54 ,$223, 51 ,$220, 30 ,$233, 40 ,$223
,Greater Bendigo, 646 ,$135, 590 ,$135, 646 ,$140, 881 ,$135, 625 ,$140, 678 ,$140, 599 ,$140, 774 ,$140, 534 ,$149, 523 ,$150, 593 ,$150, 706 ,$150, 518 ,$155, 545 ,$160, 579 ,$160, 777 ,$165, 576 ,$170, 628 ,$173, 673 ,$175, 831 ,$175, 520 ,$180, 671 ,$180, 689 ,$180, 797 ,$185, 654 ,$180, 665 ,$185, 693 ,$190, 815 ,$190, 625 ,$190, 663 ,$200, 656 ,$200, 850 ,$200, 644 ,$195, 704 ,$210, 685 ,$200, 955 ,$210, 794 ,$215, 759 ,$210, 776 ,$220, 843 ,$220, 693 ,$220, 687 ,$230, 720 ,$230, 799 ,$240, 661 ,$240, 715 ,$250, 726 ,$250, 839 ,$250, 656 ,$260, 731 ,$265, 766 ,$270, 872 ,$270, 758 ,$275, 826 ,$275, 868 ,$280, 988 ,$280, 899 ,$270, 978 ,$280, 957 ,$280," 1,069 ",$280, 932 ,$280, 965 ,$280," 1,001 ",$280," 1,097 ",$285, 978 ,$280," 1,058 ",$270," 1,006 ",$280," 1,100 ",$280, 985 ,$275," 1,042 ",$280, 967 ,$288," 1,101 ",$285, 890 ,$285, 921 ,$290, 919 ,$290, 991 ,$300, 858 ,$300, 900 ,$300, 804 ,$300, 873 ,$310, 817 ,$300, 805 ,$320, 808 ,$320, 898 ,$330, 747 ,$325, 701 ,$330
,Loddon, 15 ,$85, 13 ,$85, 17 ,$100, 8 ,$100, 11 ,$80, 12 ,$98, 10 ,$93, 14 ,$96, 12 ,$88, 8 ,$93, 11 ,$100, 15 ,$100, 10 ,$98, 11 ,$100, 12 ,$100, 16 ,$110, 17 ,$111, 8 ,$103, 13 ,$105, 15 ,$120, 11 ,$120, 15 ,$125, 16 ,$118, 21 ,$125, 14 ,$118, 9 ,$110, 15 ,$115, 16 ,$129, 15 ,$138, 14 ,$125, 10 ,$130, 15 ,$130, 17 ,$140, 11 ,$120, 16 ,$145, 8 ,$125, 14 ,$140, 12 ,$130, 13 ,$150, 16 ,$145, 11 ,$150, 16 ,$145, 17 ,$130, 11 ,$150, 16 ,$147, 14 ,$155, 11 ,$160, 10 ,$160, 8 ,$165, 19 ,$160, 12 ,$158, 17 ,$180, 12 ,$173, 13 ,$160, 13 ,$180, 16 ,$178, 18 ,$178, 14 ,$193, 11 ,$160, 19 ,$180, 9 ,$180, 14 ,$175, 14 ,$195, 14 ,$170, 14 ,$180, 11 ,$190, 19 ,$200, 18 ,$193, 17 ,$185, 13 ,$200, 5 ,$175, 15 ,$190, 18 ,$200, 9 ,$190, 13 ,$190, 16 ,$220, 14 ,$200, 15 ,$240, 10 ,$206, 18 ,$205, 13 ,$200, 10 ,$240, 13 ,$230, 16 ,$215, 13 ,$210, 10 ,$260
,Macedon Ranges, 126 ,$140, 145 ,$150, 113 ,$150, 133 ,$145, 125 ,$155, 131 ,$160, 119 ,$160, 158 ,$150, 126 ,$160, 138 ,$165, 125 ,$160, 128 ,$170, 145 ,$170, 140 ,$175, 139 ,$179, 159 ,$184, 155 ,$186, 174 ,$195, 155 ,$195, 172 ,$194, 140 ,$200, 168 ,$198, 172 ,$200, 181 ,$195, 181 ,$210, 186 ,$200, 155 ,$210, 172 ,$200, 168 ,$211, 171 ,$205, 142 ,$211, 181 ,$215, 153 ,$220, 161 ,$210, 179 ,$220, 187 ,$225, 162 ,$240, 161 ,$250, 172 ,$250, 182 ,$260, 170 ,$260, 186 ,$270, 161 ,$280, 193 ,$280, 137 ,$285, 168 ,$300, 163 ,$310, 175 ,$315, 145 ,$330, 176 ,$330, 170 ,$320, 168 ,$330, 154 ,$320, 181 ,$350, 175 ,$320, 200 ,$340, 196 ,$330, 172 ,$350, 186 ,$343, 165 ,$350, 205 ,$330, 184 ,$350, 184 ,$350, 176 ,$348, 196 ,$360, 222 ,$360, 183 ,$360, 203 ,$360, 217 ,$360, 201 ,$369, 167 ,$360, 200 ,$383, 164 ,$370, 195 ,$385, 175 ,$400, 174 ,$415, 164 ,$400, 171 ,$400, 152 ,$420, 171 ,$435, 164 ,$443, 182 ,$425, 179 ,$440, 192 ,$440, 154 ,$430, 127 ,$425
,Mildura, 327 ,$130, 304 ,$140, 325 ,$135, 377 ,$140, 339 ,$140, 345 ,$145, 341 ,$145, 374 ,$150, 342 ,$145, 329 ,$145, 358 ,$150, 382 ,$150, 343 ,$155, 336 ,$151, 347 ,$160, 383 ,$160, 378 ,$160, 361 ,$160, 367 ,$160, 428 ,$165, 334 ,$165, 386 ,$165, 397 ,$170, 427 ,$170, 378 ,$170, 408 ,$170, 340 ,$170, 421 ,$180, 380 ,$173, 371 ,$185, 367 ,$185, 407 ,$190, 370 ,$190, 396 ,$190, 333 ,$190, 445 ,$190, 459 ,$195, 446 ,$190, 416 ,$190, 510 ,$190, 427 ,$190, 418 ,$190, 416 ,$200, 466 ,$195, 403 ,$205, 450 ,$200, 428 ,$200, 437 ,$210, 399 ,$200, 438 ,$230, 405 ,$220, 479 ,$224, 437 ,$220, 433 ,$225, 391 ,$230, 410 ,$230, 411 ,$230, 408 ,$240, 390 ,$230, 408 ,$250, 399 ,$250, 443 ,$250, 439 ,$245, 428 ,$255, 426 ,$250, 438 ,$255, 400 ,$250, 457 ,$265, 413 ,$260, 473 ,$270, 424 ,$270, 442 ,$278, 406 ,$270, 424 ,$280, 428 ,$280, 452 ,$270, 369 ,$285, 367 ,$280, 383 ,$285, 403 ,$300, 355 ,$310, 438 ,$295, 409 ,$300, 378 ,$310, 315 ,$300, 316 ,$310
,Mount Alexander, 87 ,$120, 80 ,$130, 94 ,$125, 84 ,$130, 78 ,$130, 75 ,$130, 82 ,$130, 103 ,$140, 95 ,$135, 88 ,$140, 99 ,$140, 79 ,$145, 74 ,$140, 93 ,$150, 91 ,$150, 113 ,$150, 95 ,$160, 83 ,$160, 81 ,$160, 83 ,$165, 74 ,$180, 100 ,$175, 86 ,$173, 116 ,$180, 102 ,$180, 106 ,$180, 97 ,$185, 112 ,$180, 81 ,$175, 81 ,$190, 88 ,$190, 122 ,$190, 104 ,$190, 79 ,$210, 105 ,$200, 99 ,$210, 97 ,$210, 67 ,$210, 91 ,$220, 99 ,$220, 104 ,$220, 84 ,$220, 73 ,$220, 95 ,$240, 65 ,$250, 92 ,$240, 90 ,$260, 91 ,$250, 66 ,$268, 81 ,$280, 84 ,$270, 99 ,$270, 94 ,$278, 83 ,$290, 74 ,$280, 68 ,$300, 75 ,$300, 89 ,$300, 85 ,$290, 86 ,$300, 80 ,$300, 78 ,$300, 96 ,$295, 97 ,$310, 102 ,$300, 98 ,$290, 93 ,$300, 89 ,$310, 101 ,$320, 95 ,$300, 81 ,$310, 81 ,$310, 90 ,$310, 82 ,$320, 81 ,$325, 83 ,$330, 68 ,$320, 73 ,$330, 78 ,$323, 67 ,$340, 74 ,$350, 77 ,$340, 76 ,$340, 79 ,$360, 86 ,$348, 69 ,$370
,Swan Hill, 131 ,$130, 144 ,$130, 137 ,$125, 169 ,$130, 116 ,$140, 138 ,$135, 133 ,$140, 140 ,$140, 112 ,$135, 128 ,$130, 119 ,$140, 141 ,$140, 128 ,$140, 133 ,$140, 149 ,$150, 159 ,$145, 125 ,$150, 138 ,$150, 112 ,$155, 142 ,$150, 123 ,$150, 129 ,$150, 109 ,$165, 149 ,$160, 113 ,$160, 145 ,$160, 132 ,$160, 155 ,$170, 142 ,$160, 137 ,$165, 120 ,$170, 154 ,$185, 118 ,$168, 137 ,$170, 119 ,$180, 172 ,$180, 163 ,$190, 132 ,$173, 138 ,$180, 169 ,$190, 130 ,$190, 127 ,$190, 129 ,$190, 156 ,$200, 135 ,$190, 142 ,$200, 144 ,$207, 142 ,$200, 149 ,$200, 148 ,$200, 140 ,$200, 149 ,$215, 143 ,$200, 157 ,$205, 139 ,$215, 136 ,$220, 123 ,$210, 131 ,$215, 121 ,$220, 138 ,$225, 121 ,$215, 117 ,$220, 123 ,$230, 127 ,$225, 142 ,$220, 109 ,$240, 119 ,$220, 118 ,$240, 131 ,$250, 101 ,$250, 107 ,$230, 131 ,$240, 125 ,$240, 127 ,$240, 104 ,$240, 111 ,$245, 101 ,$250, 107 ,$250, 114 ,$240, 116 ,$260, 115 ,$260, 102 ,$260, 118 ,$270, 94 ,$260, 78 ,$280, 68 ,$280
,Group Total," 1,676 ",$130," 1,602 ",$135," 1,699 ",$130," 2,028 ",$135," 1,630 ",$140," 1,695 ",$140," 1,594 ",$140," 1,930 ",$140," 1,489 ",$140," 1,544 ",$140," 1,618 ",$145," 1,772 ",$150," 1,498 ",$150," 1,570 ",$150," 1,602 ",$155," 1,969 ",$155," 1,663 ",$160," 1,715 ",$160," 1,738 ",$165," 2,031 ",$165," 1,487 ",$170," 1,820 ",$170," 1,827 ",$175," 2,045 ",$175," 1,753 ",$175," 1,892 ",$175," 1,729 ",$180," 2,065 ",$180," 1,722 ",$180," 1,762 ",$185," 1,690 ",$190," 2,093 ",$190," 1,723 ",$190," 1,834 ",$195," 1,760 ",$195," 2,300 ",$200," 2,063 ",$200," 1,915 ",$200," 1,980 ",$200," 2,219 ",$210," 1,916 ",$210," 1,924 ",$210," 1,865 ",$210," 2,108 ",$220," 1,789 ",$220," 1,936 ",$225," 1,928 ",$230," 2,070 ",$235," 1,785 ",$235," 1,972 ",$250," 1,892 ",$250," 2,147 ",$250," 1,952 ",$250," 2,041 ",$250," 1,998 ",$260," 2,197 ",$260," 2,039 ",$260," 2,142 ",$260," 2,074 ",$265," 2,220 ",$267," 2,056 ",$270," 2,148 ",$270," 2,219 ",$270," 2,293 ",$275," 2,190 ",$270," 2,297 ",$270," 2,176 ",$270," 2,322 ",$280," 2,189 ",$270," 2,283 ",$280," 2,074 ",$280," 2,338 ",$280," 2,027 ",$280," 2,135 ",$280," 2,070 ",$280," 2,178 ",$290," 1,910 ",$290," 1,954 ",$295," 1,839 ",$295," 1,979 ",$300," 1,872 ",$300," 1,942 ",$310," 1,934 ",$313," 1,991 ",$320," 1,680 ",$320," 1,541 ",$330
Hume,Alpine, 78 ,$120, 65 ,$130, 57 ,$120, 84 ,$125, 78 ,$130, 65 ,$125, 71 ,$130, 63 ,$125, 82 ,$130, 70 ,$135, 66 ,$130, 72 ,$130, 77 ,$130, 59 ,$135, 74 ,$140, 68 ,$143, 80 ,$135, 62 ,$143, 68 ,$145, 78 ,$150, 69 ,$150, 80 ,$160, 70 ,$147, 84 ,$160, 83 ,$160, 84 ,$170, 77 ,$166, 82 ,$168, 69 ,$175, 64 ,$180, 75 ,$180, 100 ,$190, 99 ,$190, 74 ,$190, 82 ,$185, 94 ,$190, 99 ,$190, 76 ,$200, 89 ,$200, 83 ,$200, 94 ,$200, 67 ,$200, 79 ,$200, 81 ,$210, 95 ,$210, 62 ,$200, 97 ,$190, 91 ,$230, 93 ,$220, 61 ,$220, 87 ,$220, 106 ,$210, 97 ,$220, 79 ,$240, 81 ,$225, 84 ,$250, 102 ,$225, 76 ,$230, 87 ,$230, 93 ,$250, 93 ,$250, 74 ,$240, 89 ,$260, 94 ,$245, 78 ,$250, 83 ,$260, 90 ,$250, 77 ,$265, 86 ,$250, 72 ,$270, 96 ,$268, 84 ,$263, 81 ,$290, 78 ,$270, 74 ,$275, 70 ,$285, 68 ,$300, 71 ,$285, 63 ,$285, 74 ,$290, 94 ,$313, 70 ,$310, 66 ,$340, 76 ,$318, 90 ,$320, 83 ,$320
,Benalla, 98 ,$120, 80 ,$120, 103 ,$125, 121 ,$115, 94 ,$130, 106 ,$130, 94 ,$130, 107 ,$130, 94 ,$130, 93 ,$130, 93 ,$135, 90 ,$140, 89 ,$140, 100 ,$143, 83 ,$150, 105 ,$150, 73 ,$150, 88 ,$153, 82 ,$170, 94 ,$160, 84 ,$160, 80 ,$170, 74 ,$170, 88 ,$170, 86 ,$160, 76 ,$163, 74 ,$173, 117 ,$175, 74 ,$183, 66 ,$170, 80 ,$180, 98 ,$180, 86 ,$175, 83 ,$185, 85 ,$175, 107 ,$190, 84 ,$180, 81 ,$195, 91 ,$190, 107 ,$180, 88 ,$193, 87 ,$195, 101 ,$200, 104 ,$200, 106 ,$210, 98 ,$191, 96 ,$203, 125 ,$200, 120 ,$218, 116 ,$210, 107 ,$220, 136 ,$213, 100 ,$230, 115 ,$210, 104 ,$210, 108 ,$215, 123 ,$210, 107 ,$230, 111 ,$225, 118 ,$230, 94 ,$230, 106 ,$228, 115 ,$220, 106 ,$238, 111 ,$220, 110 ,$230, 103 ,$230, 133 ,$230, 94 ,$243, 122 ,$240, 99 ,$230, 118 ,$240, 109 ,$250, 98 ,$250, 92 ,$255, 107 ,$250, 108 ,$250, 111 ,$260, 81 ,$300, 91 ,$300, 94 ,$280, 88 ,$300, 99 ,$300, 108 ,$320, 98 ,$300, 84 ,$300
,Greater Shepparton, 467 ,$135, 490 ,$140, 482 ,$140, 499 ,$140, 460 ,$150, 511 ,$145, 414 ,$140, 460 ,$145, 411 ,$150, 480 ,$150, 474 ,$155, 462 ,$155, 484 ,$160, 454 ,$160, 466 ,$160, 466 ,$165, 479 ,$160, 465 ,$160, 452 ,$165, 510 ,$170, 410 ,$165, 449 ,$170, 463 ,$170, 479 ,$180, 408 ,$175, 474 ,$170, 413 ,$180, 459 ,$180, 394 ,$180, 442 ,$180, 395 ,$185, 440 ,$188, 389 ,$190, 435 ,$190, 390 ,$185, 481 ,$190, 466 ,$200, 437 ,$200, 463 ,$200, 510 ,$210, 468 ,$210, 473 ,$200, 416 ,$220, 432 ,$210, 424 ,$225, 448 ,$228, 428 ,$220, 444 ,$230, 416 ,$230, 483 ,$230, 443 ,$240, 466 ,$240, 461 ,$245, 445 ,$230, 464 ,$243, 510 ,$250, 471 ,$240, 502 ,$240, 402 ,$250, 477 ,$250, 457 ,$260, 432 ,$250, 447 ,$265, 497 ,$260, 477 ,$260, 490 ,$250, 461 ,$260, 488 ,$265, 426 ,$270, 451 ,$260, 433 ,$270, 539 ,$270, 483 ,$270, 484 ,$270, 471 ,$275, 503 ,$280, 423 ,$280, 463 ,$280, 384 ,$280, 459 ,$290, 417 ,$290, 410 ,$288, 434 ,$293, 463 ,$290, 415 ,$295, 373 ,$300
,Indigo, 64 ,$128, 60 ,$130, 58 ,$130, 68 ,$130, 68 ,$130, 82 ,$130, 67 ,$130, 64 ,$130, 64 ,$137, 64 ,$130, 69 ,$140, 80 ,$130, 71 ,$135, 54 ,$140, 73 ,$150, 61 ,$140, 83 ,$140, 67 ,$148, 70 ,$160, 72 ,$155, 59 ,$160, 61 ,$155, 66 ,$170, 66 ,$178, 68 ,$163, 64 ,$185, 66 ,$185, 70 ,$190, 53 ,$180, 58 ,$190, 61 ,$200, 78 ,$180, 67 ,$200, 58 ,$220, 77 ,$200, 62 ,$210, 68 ,$210, 56 ,$205, 54 ,$220, 65 ,$200, 72 ,$202, 71 ,$190, 59 ,$230, 80 ,$200, 77 ,$230, 44 ,$230, 66 ,$220, 63 ,$240, 56 ,$243, 66 ,$230, 57 ,$250, 73 ,$245, 75 ,$240, 61 ,$215, 80 ,$238, 78 ,$250, 69 ,$240, 70 ,$250, 61 ,$250, 84 ,$248, 72 ,$250, 64 ,$255, 65 ,$270, 84 ,$260, 69 ,$270, 66 ,$250, 74 ,$268, 81 ,$280, 52 ,$280, 65 ,$270, 65 ,$280, 59 ,$280, 46 ,$308, 66 ,$285, 58 ,$280, 52 ,$300, 62 ,$285, 52 ,$285, 62 ,$310, 58 ,$305, 46 ,$295, 69 ,$320, 58 ,$328, 60 ,$320, 50 ,$308, 50 ,$330
,Mansfield, 36 ,$130, 21 ,$125, 28 ,$130, 35 ,$135, 30 ,$130, 30 ,$143, 36 ,$140, 37 ,$140, 41 ,$135, 25 ,$135, 33 ,$140, 32 ,$140, 30 ,$140, 26 ,$148, 25 ,$150, 41 ,$155, 41 ,$150, 30 ,$150, 42 ,$170, 31 ,$175, 42 ,$170, 33 ,$160, 41 ,$165, 46 ,$183, 44 ,$185, 36 ,$185, 34 ,$178, 44 ,$185, 48 ,$198, 36 ,$193, 17 ,$210, 46 ,$190, 62 ,$200, 28 ,$180, 46 ,$198, 61 ,$200, 48 ,$218, 39 ,$210, 35 ,$200, 42 ,$200, 48 ,$200, 31 ,$200, 36 ,$200, 38 ,$205, 44 ,$220, 26 ,$230, 37 ,$245, 37 ,$230, 33 ,$240, 31 ,$240, 33 ,$250, 39 ,$265, 40 ,$255, 30 ,$250, 40 ,$258, 37 ,$280, 36 ,$280, 28 ,$260, 28 ,$280, 37 ,$280, 47 ,$280, 38 ,$293, 43 ,$280, 43 ,$265, 47 ,$290, 29 ,$300, 51 ,$280, 44 ,$300, 58 ,$285, 45 ,$300, 45 ,$300, 52 ,$300, 53 ,$320, 29 ,$290, 44 ,$330, 50 ,$330, 45 ,$340, 34 ,$343, 48 ,$350, 46 ,$360, 57 ,$375, 46 ,$350, 45 ,$360, 52 ,$365, 61 ,$370, 58 ,$380
,Mitchell, 120 ,$130, 139 ,$130, 135 ,$130, 161 ,$135, 125 ,$135, 143 ,$135, 131 ,$135, 146 ,$135, 138 ,$140, 136 ,$140, 142 ,$145, 122 ,$140, 123 ,$150, 123 ,$150, 132 ,$150, 143 ,$165, 148 ,$160, 164 ,$160, 167 ,$170, 179 ,$170, 119 ,$180, 174 ,$165, 166 ,$180, 152 ,$180, 185 ,$175, 149 ,$180, 171 ,$180, 193 ,$190, 172 ,$175, 174 ,$190, 166 ,$180, 211 ,$190, 174 ,$195, 148 ,$200, 160 ,$210, 229 ,$200, 152 ,$220, 169 ,$220, 187 ,$235, 165 ,$240, 141 ,$240, 133 ,$240, 176 ,$240, 124 ,$250, 140 ,$250, 158 ,$260, 158 ,$270, 159 ,$270, 141 ,$280, 202 ,$282, 172 ,$280, 232 ,$290, 181 ,$300, 201 ,$290, 191 ,$285, 209 ,$290, 203 ,$285, 224 ,$295, 195 ,$285, 245 ,$295, 210 ,$295, 249 ,$290, 230 ,$293, 248 ,$290, 206 ,$295, 220 ,$305, 225 ,$300, 256 ,$300, 218 ,$303, 255 ,$300, 237 ,$300, 262 ,$314, 218 ,$320, 198 ,$330, 212 ,$330, 214 ,$340, 241 ,$340, 245 ,$350, 246 ,$340, 224 ,$340, 206 ,$340, 293 ,$350, 268 ,$350, 247 ,$355, 249 ,$360, 233 ,$360
,Moira, 164 ,$125, 199 ,$130, 207 ,$129, 191 ,$120, 148 ,$125, 147 ,$125, 181 ,$130, 158 ,$125, 146 ,$130, 157 ,$125, 161 ,$130, 136 ,$120, 147 ,$135, 146 ,$138, 127 ,$140, 127 ,$140, 133 ,$145, 168 ,$143, 145 ,$150, 184 ,$143, 147 ,$155, 145 ,$150, 129 ,$150, 180 ,$150, 146 ,$165, 143 ,$160, 155 ,$160, 167 ,$170, 158 ,$168, 148 ,$168, 142 ,$168, 192 ,$170, 174 ,$165, 179 ,$180, 161 ,$170, 176 ,$180, 184 ,$185, 187 ,$180, 175 ,$180, 205 ,$180, 205 ,$180, 200 ,$190, 203 ,$190, 188 ,$190, 192 ,$195, 189 ,$200, 187 ,$200, 168 ,$200, 170 ,$200, 169 ,$210, 183 ,$220, 200 ,$210, 202 ,$218, 161 ,$230, 177 ,$225, 171 ,$225, 203 ,$210, 196 ,$220, 188 ,$230, 202 ,$220, 195 ,$240, 218 ,$230, 179 ,$240, 188 ,$250, 210 ,$230, 181 ,$235, 191 ,$235, 195 ,$250, 197 ,$250, 209 ,$250, 194 ,$250, 220 ,$250, 208 ,$240, 206 ,$240, 184 ,$270, 188 ,$250, 180 ,$270, 172 ,$260, 172 ,$270, 178 ,$270, 175 ,$265, 177 ,$270, 164 ,$273, 163 ,$275, 161 ,$285, 138 ,$290
,Murrindindi, 54 ,$123, 59 ,$112, 44 ,$120, 59 ,$120, 50 ,$120, 53 ,$120, 50 ,$125, 62 ,$120, 37 ,$130, 48 ,$128, 54 ,$130, 49 ,$130, 50 ,$130, 66 ,$130, 41 ,$140, 64 ,$135, 55 ,$150, 55 ,$145, 59 ,$150, 61 ,$150, 55 ,$160, 54 ,$155, 64 ,$170, 66 ,$165, 63 ,$170, 60 ,$150, 62 ,$170, 55 ,$175, 43 ,$170, 55 ,$170, 50 ,$170, 66 ,$180, 47 ,$200, 56 ,$178, 43 ,$200, 76 ,$190, 62 ,$200, 59 ,$200, 66 ,$210, 80 ,$220, 55 ,$220, 50 ,$230, 45 ,$210, 54 ,$210, 62 ,$220, 51 ,$225, 53 ,$225, 73 ,$236, 49 ,$250, 65 ,$230, 64 ,$238, 62 ,$245, 43 ,$235, 56 ,$250, 57 ,$245, 60 ,$240, 63 ,$250, 57 ,$235, 53 ,$250, 68 ,$261, 56 ,$250, 55 ,$250, 51 ,$265, 62 ,$250, 50 ,$270, 65 ,$250, 53 ,$260, 69 ,$260, 73 ,$275, 51 ,$270, 51 ,$280, 71 ,$270, 61 ,$275, 69 ,$280, 63 ,$290, 72 ,$300, 54 ,$295, 55 ,$280, 55 ,$290, 49 ,$280, 47 ,$310, 59 ,$300, 47 ,$300, 54 ,$308, 57 ,$320, 35 ,$300
,Strathbogie, 46 ,$110, 40 ,$103, 43 ,$100, 42 ,$110, 27 ,$120, 43 ,$105, 30 ,$105, 29 ,$100, 46 ,$105, 39 ,$110, 28 ,$120, 47 ,$110, 30 ,$115, 41 ,$120, 31 ,$125, 48 ,$130, 36 ,$125, 35 ,$130, 37 ,$135, 30 ,$150, 25 ,$140, 39 ,$140, 38 ,$150, 51 ,$145, 42 ,$150, 47 ,$150, 35 ,$150, 57 ,$165, 34 ,$155, 35 ,$145, 30 ,$168, 45 ,$165, 37 ,$170, 54 ,$165, 41 ,$180, 44 ,$170, 50 ,$178, 43 ,$180, 40 ,$193, 44 ,$180, 56 ,$178, 46 ,$190, 30 ,$190, 45 ,$195, 49 ,$185, 61 ,$200, 40 ,$230, 48 ,$220, 43 ,$220, 50 ,$220, 48 ,$225, 63 ,$230, 53 ,$220, 58 ,$240, 49 ,$230, 62 ,$240, 52 ,$245, 54 ,$230, 55 ,$220, 59 ,$240, 35 ,$260, 50 ,$230, 62 ,$255, 49 ,$230, 52 ,$238, 52 ,$240, 37 ,$250, 59 ,$260, 53 ,$255, 57 ,$250, 54 ,$260, 46 ,$255, 50 ,$278, 44 ,$265, 74 ,$260, 69 ,$265, 37 ,$295, 56 ,$300, 55 ,$290, 61 ,$280, 53 ,$300, 60 ,$290, 57 ,$300, 57 ,$300, 57 ,$300, 41 ,$320
,Towong, 13 ,$120, 13 ,$100, 17 ,$125, 19 ,$110, 14 ,$96, 12 ,$125, 12 ,$91, 19 ,$110, 18 ,$110, 10 ,$116, 15 ,$105, 12 ,$108, 15 ,$115, 18 ,$110, 9 ,$130, 18 ,$125, 22 ,$118, 14 ,$123, 16 ,$128, 19 ,$140, 8 ,$123, 20 ,$123, 13 ,$135, 26 ,$130, 14 ,$150, 20 ,$150, 23 ,$130, 12 ,$130, 21 ,$145, 20 ,$150, 18 ,$130, 25 ,$130, 11 ,$200, 17 ,$150, 19 ,$140, 23 ,$150, 25 ,$150, 15 ,$160, 15 ,$160, 23 ,$155, 24 ,$160, 22 ,$175, 21 ,$170, 21 ,$160, 28 ,$170, 23 ,$200, 23 ,$155, 30 ,$190, 23 ,$175, 31 ,$180, 22 ,$180, 24 ,$190, 23 ,$180, 25 ,$190, 25 ,$190, 31 ,$190, 27 ,$185, 30 ,$210, 26 ,$195, 21 ,$225, 19 ,$220, 16 ,$195, 23 ,$210, 26 ,$213, 18 ,$208, 28 ,$200, 27 ,$220, 27 ,$225, 23 ,$220, 25 ,$230, 18 ,$230, 27 ,$235, 23 ,$230, 20 ,$250, 20 ,$240, 31 ,$250, 21 ,$260, 12 ,$263, 22 ,$220, 35 ,$250, 29 ,$275, 20 ,$240, 18 ,$255, 44 ,$250, 18 ,$280, 20 ,$300
,Wangaratta, 210 ,$125, 183 ,$125, 157 ,$125, 189 ,$130, 164 ,$130, 153 ,$130, 137 ,$130, 188 ,$130, 143 ,$135, 142 ,$130, 175 ,$140, 180 ,$130, 159 ,$135, 165 ,$140, 152 ,$140, 194 ,$140, 155 ,$145, 172 ,$143, 159 ,$155, 164 ,$150, 135 ,$155, 165 ,$160, 144 ,$155, 154 ,$163, 139 ,$165, 163 ,$165, 136 ,$170, 171 ,$170, 153 ,$170, 156 ,$175, 151 ,$175, 159 ,$175, 145 ,$185, 145 ,$185, 132 ,$190, 184 ,$185, 153 ,$180, 174 ,$198, 142 ,$190, 168 ,$193, 155 ,$200, 166 ,$190, 143 ,$210, 167 ,$210, 145 ,$210, 145 ,$205, 152 ,$203, 193 ,$210, 145 ,$215, 169 ,$220, 145 ,$220, 182 ,$220, 175 ,$225, 172 ,$220, 141 ,$235, 159 ,$240, 159 ,$230, 174 ,$240, 160 ,$240, 192 ,$250, 170 ,$263, 171 ,$245, 171 ,$240, 179 ,$260, 198 ,$250, 199 ,$250, 203 ,$260, 201 ,$270, 179 ,$255, 196 ,$260, 179 ,$270, 204 ,$265, 179 ,$270, 187 ,$265, 152 ,$263, 172 ,$288, 170 ,$270, 175 ,$290, 140 ,$273, 188 ,$290, 178 ,$290, 164 ,$280, 171 ,$300, 191 ,$300, 164 ,$310, 149 ,$300
,Wodonga, 329 ,$140, 325 ,$145, 334 ,$150, 460 ,$145, 312 ,$148, 346 ,$150, 319 ,$150, 408 ,$145, 275 ,$150, 307 ,$150, 297 ,$150, 396 ,$155, 280 ,$160, 307 ,$160, 297 ,$165, 348 ,$165, 268 ,$170, 311 ,$175, 335 ,$190, 375 ,$180, 271 ,$180, 281 ,$190, 302 ,$190, 366 ,$193, 296 ,$195, 329 ,$200, 255 ,$200, 314 ,$220, 247 ,$210, 278 ,$200, 271 ,$220, 354 ,$200, 295 ,$220, 291 ,$220, 334 ,$230, 403 ,$230, 333 ,$225, 330 ,$230, 314 ,$230, 333 ,$230, 313 ,$230, 325 ,$240, 279 ,$240, 347 ,$235, 347 ,$240, 322 ,$250, 323 ,$250, 367 ,$250, 341 ,$240, 365 ,$250, 341 ,$260, 400 ,$265, 365 ,$265, 372 ,$260, 360 ,$270, 447 ,$270, 352 ,$270, 355 ,$275, 381 ,$280, 407 ,$280, 367 ,$280, 409 ,$285, 426 ,$290, 389 ,$285, 355 ,$290, 359 ,$300, 408 ,$300, 437 ,$295, 394 ,$283, 406 ,$295, 375 ,$300, 410 ,$310, 367 ,$290, 377 ,$295, 350 ,$305, 418 ,$310, 339 ,$300, 383 ,$310, 374 ,$330, 361 ,$330, 331 ,$330, 349 ,$320, 365 ,$340, 378 ,$333, 314 ,$330, 277 ,$325
,Group Total," 1,679 ",$130," 1,674 ",$130," 1,665 ",$135," 1,928 ",$135," 1,570 ",$135," 1,691 ",$135," 1,542 ",$135," 1,741 ",$135," 1,495 ",$140," 1,571 ",$140," 1,607 ",$140," 1,678 ",$140," 1,555 ",$145," 1,559 ",$150," 1,510 ",$150," 1,683 ",$155," 1,573 ",$155," 1,631 ",$155," 1,632 ",$165," 1,797 ",$160," 1,424 ",$165," 1,581 ",$165," 1,570 ",$170," 1,758 ",$170," 1,574 ",$170," 1,645 ",$170," 1,501 ",$180," 1,741 ",$180," 1,466 ",$180," 1,532 ",$180," 1,456 ",$180," 1,814 ",$185," 1,586 ",$190," 1,568 ",$190," 1,570 ",$195," 1,940 ",$195," 1,724 ",$200," 1,666 ",$200," 1,671 ",$200," 1,825 ",$205," 1,719 ",$203," 1,671 ",$210," 1,588 ",$220," 1,681 ",$215," 1,709 ",$220," 1,627 ",$220," 1,660 ",$225," 1,798 ",$230," 1,630 ",$230," 1,808 ",$230," 1,702 ",$240," 1,983 ",$245," 1,815 ",$245," 1,775 ",$240," 1,769 ",$250," 1,956 ",$250," 1,860 ",$250," 1,873 ",$250," 1,747 ",$250," 2,003 ",$260," 1,815 ",$260," 1,882 ",$260," 1,901 ",$265," 1,965 ",$260," 1,871 ",$260," 1,882 ",$260," 1,923 ",$265," 2,067 ",$275," 1,853 ",$270," 1,954 ",$270," 1,846 ",$280," 2,092 ",$275," 1,878 ",$280," 1,856 ",$280," 1,794 ",$280," 1,946 ",$290," 1,748 ",$295," 1,829 ",$300," 1,702 ",$300," 1,824 ",$300," 1,727 ",$300," 1,805 ",$310," 1,792 ",$320," 1,893 ",$320," 1,734 ",$320," 1,541 ",$325
Gippsland,Bass Coast, 111 ,$115, 118 ,$110, 97 ,$110, 114 ,$118, 110 ,$120, 125 ,$120, 79 ,$120, 105 ,$130, 103 ,$125, 89 ,$130, 101 ,$130, 94 ,$140, 126 ,$140, 126 ,$140, 115 ,$135, 105 ,$150, 131 ,$150, 101 ,$150, 121 ,$155, 109 ,$155, 129 ,$160, 133 ,$155, 125 ,$160, 128 ,$160, 136 ,$170, 141 ,$165, 137 ,$165, 131 ,$180, 138 ,$170, 137 ,$175, 144 ,$175, 168 ,$180, 144 ,$180, 167 ,$185, 142 ,$180, 157 ,$200, 171 ,$195, 153 ,$210, 150 ,$200, 168 ,$205, 143 ,$220, 197 ,$220, 249 ,$240, 269 ,$290, 325 ,$325, 274 ,$305, 218 ,$300, 283 ,$325, 299 ,$350, 249 ,$330, 243 ,$340, 292 ,$310, 287 ,$280, 284 ,$260, 283 ,$250, 263 ,$250, 269 ,$250, 258 ,$250, 222 ,$250, 227 ,$250, 202 ,$260, 220 ,$260, 172 ,$260, 198 ,$265, 201 ,$260, 205 ,$260, 205 ,$255, 192 ,$270, 192 ,$275, 208 ,$270, 158 ,$278, 191 ,$277, 186 ,$275, 182 ,$283, 158 ,$280, 157 ,$290, 154 ,$300, 182 ,$310, 135 ,$300, 159 ,$320, 154 ,$320, 144 ,$325, 140 ,$330, 162 ,$320, 153 ,$335, 123 ,$340
,Baw Baw, 202 ,$125, 172 ,$130, 202 ,$130, 179 ,$125, 169 ,$130, 187 ,$130, 156 ,$130, 173 ,$130, 143 ,$135, 138 ,$140, 136 ,$145, 183 ,$145, 143 ,$148, 158 ,$150, 155 ,$155, 170 ,$155, 155 ,$160, 161 ,$165, 194 ,$165, 179 ,$165, 150 ,$170, 180 ,$160, 178 ,$180, 186 ,$180, 165 ,$180, 193 ,$170, 170 ,$180, 212 ,$175, 160 ,$183, 200 ,$185, 206 ,$180, 224 ,$190, 204 ,$190, 189 ,$195, 202 ,$190, 203 ,$200, 228 ,$200, 184 ,$200, 203 ,$220, 204 ,$210, 197 ,$220, 195 ,$225, 222 ,$235, 221 ,$225, 229 ,$240, 221 ,$240, 225 ,$250, 277 ,$250, 241 ,$260, 264 ,$265, 220 ,$260, 291 ,$265, 293 ,$260, 251 ,$270, 251 ,$280, 300 ,$270, 279 ,$270, 287 ,$260, 275 ,$280, 272 ,$280, 278 ,$275, 281 ,$280, 315 ,$290, 308 ,$290, 299 ,$285, 331 ,$280, 322 ,$300, 303 ,$300, 295 ,$300, 310 ,$300, 294 ,$300, 321 ,$300, 319 ,$310, 323 ,$320, 286 ,$320, 301 ,$320, 274 ,$330, 287 ,$330, 300 ,$343, 297 ,$340, 267 ,$350, 318 ,$340, 309 ,$330, 313 ,$360, 335 ,$350, 305 ,$350
,East Gippsland, 234 ,$120, 259 ,$120, 254 ,$120, 269 ,$125, 232 ,$120, 278 ,$125, 218 ,$125, 236 ,$120, 223 ,$125, 241 ,$130, 200 ,$130, 209 ,$130, 237 ,$135, 231 ,$135, 223 ,$135, 219 ,$140, 219 ,$150, 255 ,$150, 228 ,$160, 215 ,$150, 193 ,$165, 222 ,$160, 216 ,$165, 229 ,$165, 237 ,$165, 263 ,$170, 244 ,$168, 244 ,$170, 217 ,$165, 257 ,$180, 246 ,$180, 231 ,$180, 208 ,$180, 227 ,$185, 238 ,$175, 240 ,$195, 264 ,$195, 250 ,$195, 258 ,$200, 268 ,$200, 267 ,$200, 287 ,$205, 259 ,$215, 238 ,$210, 251 ,$220, 254 ,$220, 214 ,$220, 256 ,$230, 253 ,$240, 281 ,$240, 280 ,$235, 287 ,$250, 261 ,$240, 316 ,$240, 284 ,$250, 298 ,$250, 337 ,$250, 351 ,$250, 317 ,$250, 310 ,$260, 291 ,$259, 304 ,$260, 314 ,$260, 309 ,$260, 322 ,$270, 309 ,$265, 328 ,$265, 338 ,$260, 314 ,$275, 331 ,$270, 284 ,$270, 295 ,$275, 303 ,$275, 304 ,$278, 316 ,$270, 284 ,$280, 269 ,$295, 272 ,$290, 249 ,$290, 271 ,$290, 287 ,$300, 251 ,$300, 269 ,$295, 292 ,$300, 268 ,$300, 239 ,$310
,Latrobe, 540 ,$110, 512 ,$110, 485 ,$110, 626 ,$110, 490 ,$110, 523 ,$110, 475 ,$110, 576 ,$110, 473 ,$110, 545 ,$110, 474 ,$110, 588 ,$115, 545 ,$110, 513 ,$125, 489 ,$125, 590 ,$130, 553 ,$130, 547 ,$130, 534 ,$130, 650 ,$135, 514 ,$135, 593 ,$135, 520 ,$140, 577 ,$135, 573 ,$140, 590 ,$140, 521 ,$140, 634 ,$140, 504 ,$145, 524 ,$145, 500 ,$145, 629 ,$150, 543 ,$150, 565 ,$150, 521 ,$160, 618 ,$160, 549 ,$160, 551 ,$165, 497 ,$165, 598 ,$175, 547 ,$170, 538 ,$178, 549 ,$180, 621 ,$185, 529 ,$185, 566 ,$190, 573 ,$190, 587 ,$200, 578 ,$200, 640 ,$200, 557 ,$200, 624 ,$200, 596 ,$200, 616 ,$210, 538 ,$200, 632 ,$220, 590 ,$215, 611 ,$210, 599 ,$215, 656 ,$217, 560 ,$210, 584 ,$230, 546 ,$220, 629 ,$240, 624 ,$225, 626 ,$230, 610 ,$228, 690 ,$235, 653 ,$230, 671 ,$230, 601 ,$240, 708 ,$240, 617 ,$230, 652 ,$240, 614 ,$240, 680 ,$245, 574 ,$243, 616 ,$240, 534 ,$250, 580 ,$250, 507 ,$255, 539 ,$260, 529 ,$260, 542 ,$265, 483 ,$260, 438 ,$270
,South Gippsland, 118 ,$110, 121 ,$110, 122 ,$110, 129 ,$110, 107 ,$115, 105 ,$111, 99 ,$110, 120 ,$116, 94 ,$115, 103 ,$115, 90 ,$120, 101 ,$125, 88 ,$125, 98 ,$128, 88 ,$130, 104 ,$130, 97 ,$140, 93 ,$140, 112 ,$150, 90 ,$150, 93 ,$150, 102 ,$150, 89 ,$155, 104 ,$158, 109 ,$155, 115 ,$160, 105 ,$160, 121 ,$160, 127 ,$160, 86 ,$160, 92 ,$163, 124 ,$180, 107 ,$170, 113 ,$170, 110 ,$180, 116 ,$185, 115 ,$185, 141 ,$190, 108 ,$190, 135 ,$200, 108 ,$200, 131 ,$200, 129 ,$200, 164 ,$200, 138 ,$220, 142 ,$225, 126 ,$225, 136 ,$230, 118 ,$240, 152 ,$238, 136 ,$240, 141 ,$235, 154 ,$230, 141 ,$240, 157 ,$240, 156 ,$238, 142 ,$240, 169 ,$235, 131 ,$250, 175 ,$245, 164 ,$250, 143 ,$240, 142 ,$250, 140 ,$250, 155 ,$250, 150 ,$258, 149 ,$240, 157 ,$250, 147 ,$245, 155 ,$250, 155 ,$255, 127 ,$260, 146 ,$260, 125 ,$260, 126 ,$250, 133 ,$260, 134 ,$280, 127 ,$270, 102 ,$280, 118 ,$280, 123 ,$275, 121 ,$280, 113 ,$295, 130 ,$290, 124 ,$300, 93 ,$300
,Wellington, 256 ,$115, 302 ,$110, 252 ,$110, 349 ,$120, 258 ,$115, 250 ,$115, 260 ,$120, 253 ,$120, 251 ,$110, 243 ,$120, 237 ,$120, 286 ,$120, 238 ,$120, 227 ,$125, 239 ,$125, 247 ,$125, 233 ,$130, 232 ,$130, 259 ,$140, 233 ,$138, 215 ,$135, 269 ,$140, 247 ,$140, 253 ,$145, 264 ,$145, 246 ,$145, 209 ,$150, 281 ,$150, 226 ,$150, 215 ,$150, 221 ,$160, 260 ,$165, 251 ,$155, 258 ,$170, 224 ,$170, 246 ,$180, 256 ,$178, 272 ,$180, 226 ,$200, 308 ,$180, 259 ,$190, 241 ,$190, 262 ,$200, 266 ,$210, 229 ,$195, 262 ,$200, 251 ,$215, 295 ,$210, 245 ,$220, 291 ,$220, 230 ,$223, 300 ,$220, 247 ,$220, 280 ,$230, 286 ,$230, 270 ,$240, 272 ,$220, 232 ,$230, 254 ,$240, 301 ,$230, 291 ,$250, 278 ,$250, 271 ,$250, 311 ,$265, 352 ,$260, 310 ,$260, 283 ,$250, 321 ,$265, 300 ,$260, 353 ,$260, 320 ,$255, 399 ,$260, 316 ,$260, 319 ,$260, 326 ,$260, 399 ,$260, 322 ,$260, 322 ,$260, 297 ,$270, 315 ,$275, 283 ,$280, 260 ,$280, 266 ,$280, 269 ,$290, 232 ,$300, 214 ,$295
,Group Total," 1,461 ",$115," 1,484 ",$110," 1,412 ",$115," 1,666 ",$115," 1,366 ",$115," 1,468 ",$120," 1,287 ",$120," 1,463 ",$120," 1,287 ",$120," 1,359 ",$120," 1,238 ",$120," 1,461 ",$125," 1,377 ",$125," 1,353 ",$130," 1,309 ",$130," 1,435 ",$135," 1,388 ",$140," 1,389 ",$140," 1,448 ",$145," 1,476 ",$145," 1,294 ",$147," 1,499 ",$145," 1,375 ",$150," 1,477 ",$150," 1,484 ",$150," 1,548 ",$155," 1,386 ",$160," 1,623 ",$160," 1,372 ",$160," 1,419 ",$160," 1,409 ",$165," 1,636 ",$170," 1,457 ",$165," 1,519 ",$170," 1,437 ",$175," 1,580 ",$185," 1,583 ",$180," 1,551 ",$185," 1,442 ",$190," 1,681 ",$190," 1,521 ",$195," 1,589 ",$200," 1,670 ",$210," 1,779 ",$210," 1,701 ",$230," 1,719 ",$220," 1,607 ",$225," 1,834 ",$235," 1,734 ",$240," 1,877 ",$240," 1,666 ",$240," 1,935 ",$240," 1,838 ",$240," 1,888 ",$240," 1,799 ",$240," 1,919 ",$240," 1,889 ",$240," 1,908 ",$240," 1,798 ",$240," 1,941 ",$250," 1,786 ",$250," 1,810 ",$250," 1,760 ",$250," 1,895 ",$260," 1,953 ",$260," 1,931 ",$260," 1,897 ",$255," 2,001 ",$260," 1,901 ",$260," 2,028 ",$260," 1,812 ",$260," 2,041 ",$270," 1,887 ",$265," 1,905 ",$270," 1,826 ",$270," 1,954 ",$270," 1,727 ",$280," 1,806 ",$275," 1,617 ",$285," 1,740 ",$290," 1,621 ",$290," 1,633 ",$290," 1,626 ",$290," 1,708 ",$300," 1,595 ",$300," 1,412 ",$310
North and West Metro,Banyule, 567 ,$180, 541 ,$180, 637 ,$180, 751 ,$185, 565 ,$190, 591 ,$190, 572 ,$190, 730 ,$200, 633 ,$200, 634 ,$200, 602 ,$200, 781 ,$210, 594 ,$210, 653 ,$210, 588 ,$210, 760 ,$215, 621 ,$210, 635 ,$220, 636 ,$220, 779 ,$220, 499 ,$220, 594 ,$220, 605 ,$230, 756 ,$230, 554 ,$225, 603 ,$230, 577 ,$240, 684 ,$240, 630 ,$240, 576 ,$250, 499 ,$250, 733 ,$250, 542 ,$260, 593 ,$270, 630 ,$280, 755 ,$290, 606 ,$300, 585 ,$300, 591 ,$320, 868 ,$300, 635 ,$315, 722 ,$320, 739 ,$320, 947 ,$325, 728 ,$330, 804 ,$340, 784 ,$340," 1,000 ",$335, 691 ,$345, 912 ,$340, 812 ,$350," 1,117 ",$340, 778 ,$340, 829 ,$345, 801 ,$350," 1,106 ",$345, 795 ,$345, 864 ,$350, 839 ,$350," 1,138 ",$350, 800 ,$350, 962 ,$355, 897 ,$360," 1,206 ",$350, 812 ,$365, 971 ,$370, 947 ,$365," 1,224 ",$368, 899 ,$370," 1,099 ",$380," 1,028 ",$380," 1,340 ",$390, 983 ,$390," 1,027 ",$395," 1,011 ",$410," 1,228 ",$400, 955 ,$400," 1,079 ",$400, 962 ,$410," 1,197 ",$415, 896 ,$420," 1,000 ",$405, 935 ,$420," 1,208 ",$430, 851 ,$410, 729 ,$415
,Brimbank, 633 ,$150, 633 ,$155, 672 ,$155, 748 ,$155, 652 ,$160, 739 ,$165, 732 ,$165, 693 ,$165, 665 ,$165, 738 ,$165, 718 ,$170, 766 ,$175, 739 ,$175, 794 ,$170, 762 ,$175, 818 ,$180, 827 ,$175, 830 ,$180, 783 ,$180, 833 ,$175, 631 ,$180, 922 ,$180, 789 ,$180, 856 ,$180, 818 ,$185, 781 ,$180, 765 ,$190, 789 ,$185, 705 ,$190, 768 ,$195, 662 ,$200, 806 ,$200, 714 ,$210, 754 ,$220, 727 ,$220, 857 ,$240, 862 ,$250, 767 ,$260, 822 ,$265, 872 ,$270, 869 ,$280, 999 ,$280, 993 ,$280, 968 ,$290," 1,014 ",$290," 1,092 ",$295," 1,065 ",$300," 1,052 ",$300," 1,023 ",$295," 1,162 ",$300," 1,058 ",$300," 1,171 ",$300," 1,182 ",$300," 1,149 ",$300," 1,177 ",$300," 1,237 ",$300," 1,229 ",$300," 1,161 ",$310," 1,048 ",$310," 1,116 ",$310," 1,072 ",$310," 1,200 ",$320," 1,128 ",$320," 1,154 ",$320," 1,186 ",$320," 1,185 ",$320," 1,205 ",$320," 1,191 ",$330," 1,170 ",$330," 1,216 ",$340," 1,062 ",$340," 1,206 ",$345," 1,185 ",$350," 1,159 ",$350," 1,114 ",$350," 1,226 ",$350," 1,123 ",$360," 1,119 ",$360," 1,054 ",$360," 1,135 ",$360," 1,098 ",$365," 1,138 ",$360," 1,085 ",$360," 1,100 ",$370, 927 ,$365, 716 ,$370
,Darebin," 1,116 ",$150," 1,143 ",$155," 1,197 ",$160," 1,461 ",$170," 1,125 ",$165," 1,268 ",$170," 1,139 ",$170," 1,397 ",$170," 1,130 ",$170," 1,114 ",$180," 1,105 ",$180," 1,376 ",$185," 1,127 ",$180," 1,161 ",$180," 1,091 ",$190," 1,443 ",$190," 1,071 ",$185," 1,167 ",$190," 1,074 ",$190," 1,467 ",$195, 941 ,$190," 1,205 ",$190," 1,167 ",$200," 1,340 ",$200," 1,117 ",$200," 1,250 ",$200, 999 ,$200," 1,307 ",$206, 949 ,$210," 1,101 ",$210, 979 ,$220," 1,261 ",$230, 947 ,$240," 1,022 ",$250, 974 ,$260," 1,189 ",$265, 874 ,$280," 1,072 ",$290," 1,043 ",$290," 1,128 ",$300, 912 ,$300," 1,043 ",$300," 1,109 ",$300," 1,259 ",$310," 1,008 ",$320," 1,129 ",$320," 1,268 ",$324," 1,282 ",$320," 1,095 ",$320," 1,257 ",$330," 1,209 ",$330," 1,583 ",$345," 1,179 ",$320," 1,352 ",$330," 1,357 ",$330," 1,593 ",$345," 1,262 ",$340," 1,336 ",$330," 1,382 ",$340," 1,558 ",$350," 1,307 ",$350," 1,368 ",$350," 1,382 ",$350," 1,690 ",$350," 1,293 ",$350," 1,470 ",$360," 1,551 ",$360," 1,807 ",$360," 1,452 ",$360," 1,606 ",$360," 1,523 ",$370," 1,845 ",$380," 1,429 ",$380," 1,567 ",$385," 1,473 ",$400," 1,884 ",$400," 1,458 ",$400," 1,511 ",$400," 1,424 ",$400," 1,658 ",$400," 1,340 ",$410," 1,527 ",$400," 1,421 ",$400," 1,854 ",$420," 1,215 ",$400," 1,113 ",$400
,Hobsons Bay, 588 ,$165, 667 ,$170, 570 ,$170, 670 ,$175, 645 ,$175, 689 ,$180, 623 ,$180, 626 ,$180, 625 ,$180, 655 ,$180, 623 ,$190, 632 ,$190, 615 ,$185, 706 ,$190, 643 ,$190, 714 ,$195, 621 ,$190, 658 ,$195, 662 ,$200, 708 ,$200, 525 ,$195, 648 ,$200, 601 ,$200, 601 ,$210, 620 ,$200, 647 ,$200, 600 ,$220, 557 ,$210, 464 ,$215, 557 ,$210, 507 ,$230, 615 ,$230, 532 ,$238, 559 ,$240, 496 ,$250, 581 ,$270, 507 ,$280, 529 ,$290, 602 ,$280, 551 ,$300, 512 ,$300, 523 ,$300, 524 ,$300, 581 ,$310, 574 ,$310, 577 ,$311, 597 ,$315, 644 ,$320, 592 ,$320, 625 ,$320, 570 ,$320, 680 ,$320, 588 ,$325, 732 ,$330, 561 ,$330, 711 ,$340, 630 ,$340, 760 ,$330, 612 ,$333, 681 ,$340, 694 ,$350, 658 ,$350, 641 ,$350, 723 ,$360, 650 ,$350, 714 ,$370, 697 ,$370, 729 ,$380, 656 ,$370, 714 ,$380, 670 ,$380, 733 ,$390, 622 ,$390, 683 ,$400, 664 ,$410, 668 ,$420, 670 ,$400, 680 ,$410, 655 ,$420, 714 ,$410, 642 ,$410, 633 ,$420, 638 ,$430, 656 ,$433, 575 ,$400, 494 ,$410
,Hume, 449 ,$165, 456 ,$170, 432 ,$170, 483 ,$170, 454 ,$170, 526 ,$175, 472 ,$175, 493 ,$175, 473 ,$180, 513 ,$180, 470 ,$185, 524 ,$185, 526 ,$185, 523 ,$190, 504 ,$190, 518 ,$190, 559 ,$190, 631 ,$196, 577 ,$200, 602 ,$200, 506 ,$200, 613 ,$200, 551 ,$200, 610 ,$200, 640 ,$200, 693 ,$200, 540 ,$205, 576 ,$210, 629 ,$210, 631 ,$210, 580 ,$220, 640 ,$220, 559 ,$230, 586 ,$230, 530 ,$240, 597 ,$250, 545 ,$270, 602 ,$280, 597 ,$280, 637 ,$290, 643 ,$290, 661 ,$295, 616 ,$300, 642 ,$300, 737 ,$310, 762 ,$310, 759 ,$310, 768 ,$320, 772 ,$320, 896 ,$320, 838 ,$320, 986 ,$320, 935 ,$320, 973 ,$320, 903 ,$320," 1,000 ",$312," 1,032 ",$315," 1,028 ",$320, 929 ,$320, 976 ,$325, 995 ,$320," 1,049 ",$330," 1,012 ",$330," 1,044 ",$325," 1,076 ",$330," 1,106 ",$330," 1,097 ",$340," 1,062 ",$340," 1,093 ",$340," 1,293 ",$340," 1,124 ",$350," 1,132 ",$350," 1,065 ",$360," 1,142 ",$360," 1,241 ",$370," 1,216 ",$370," 1,154 ",$380," 1,235 ",$380," 1,185 ",$380," 1,316 ",$380," 1,235 ",$390," 1,365 ",$385," 1,296 ",$380," 1,284 ",$390," 1,256 ",$380, 997 ,$380
,Maribyrnong, 588 ,$140, 579 ,$145, 583 ,$150, 682 ,$155, 559 ,$155, 652 ,$160, 576 ,$160, 731 ,$160, 549 ,$160, 554 ,$170, 560 ,$175, 696 ,$175, 571 ,$170, 612 ,$180, 597 ,$180, 838 ,$185, 628 ,$183, 711 ,$185, 607 ,$185, 796 ,$190, 581 ,$190, 655 ,$190, 639 ,$190, 687 ,$195, 626 ,$200, 670 ,$200, 529 ,$200, 692 ,$210, 527 ,$210, 576 ,$220, 585 ,$220, 729 ,$240, 562 ,$250, 605 ,$250, 581 ,$250, 772 ,$270, 615 ,$295, 670 ,$290, 611 ,$295, 741 ,$300, 629 ,$300, 691 ,$300, 669 ,$300, 850 ,$313, 773 ,$320, 775 ,$310, 757 ,$315, 986 ,$320, 793 ,$320, 879 ,$320, 827 ,$320, 986 ,$330, 860 ,$340, 903 ,$330, 896 ,$330," 1,159 ",$340," 1,023 ",$340," 1,039 ",$340, 901 ,$350," 1,177 ",$345, 985 ,$340," 1,057 ",$340," 1,105 ",$344," 1,253 ",$350," 1,016 ",$350," 1,089 ",$350," 1,081 ",$350," 1,305 ",$370," 1,012 ",$370," 1,229 ",$370," 1,071 ",$370," 1,334 ",$380, 943 ,$385," 1,121 ",$380," 1,016 ",$395," 1,335 ",$390," 1,001 ",$400," 1,178 ",$400," 1,025 ",$400," 1,220 ",$400, 976 ,$398," 1,054 ",$418," 1,226 ",$400," 1,307 ",$410, 955 ,$400, 883 ,$395
,Melbourne," 1,037 ",$270," 1,229 ",$270," 1,128 ",$270," 1,849 ",$280," 1,256 ",$280," 1,416 ",$280," 1,244 ",$280," 2,129 ",$295," 1,348 ",$300," 1,548 ",$300," 1,450 ",$290," 2,356 ",$300," 1,388 ",$300," 1,673 ",$305," 1,672 ",$300," 2,897 ",$300," 1,664 ",$300," 1,881 ",$300," 1,836 ",$300," 3,436 ",$300," 1,781 ",$300," 2,341 ",$300," 1,973 ",$300," 3,963 ",$306," 2,403 ",$310," 2,926 ",$310," 2,356 ",$320," 4,071 ",$303," 2,713 ",$321," 2,717 ",$320," 2,310 ",$330," 3,974 ",$330," 2,370 ",$360," 2,532 ",$350," 2,027 ",$370," 3,477 ",$355," 3,178 ",$360," 2,593 ",$390," 2,160 ",$400," 4,315 ",$375," 2,484 ",$415," 3,386 ",$400," 2,528 ",$415," 4,884 ",$395," 2,533 ",$425," 3,310 ",$415," 2,798 ",$430," 5,214 ",$400," 2,585 ",$430," 3,347 ",$420," 2,996 ",$440," 5,875 ",$410," 2,871 ",$450," 3,853 ",$435," 3,411 ",$449," 6,538 ",$430," 3,615 ",$450," 4,387 ",$435," 3,668 ",$435," 7,418 ",$420," 3,678 ",$450," 5,200 ",$430," 4,147 ",$450," 8,706 ",$425," 4,279 ",$460," 5,702 ",$450," 4,682 ",$440," 8,927 ",$436," 4,339 ",$470," 6,327 ",$460," 4,527 ",$460," 9,069 ",$460," 4,538 ",$490," 6,246 ",$470," 4,925 ",$480," 8,549 ",$480," 4,386 ",$500," 6,624 ",$480," 4,577 ",$500," 8,562 ",$500," 4,615 ",$510," 6,827 ",$490," 4,975 ",$500," 9,974 ",$490," 4,975 ",$440," 6,807 ",$400
,Melton, 166 ,$150, 166 ,$150, 199 ,$155, 195 ,$150, 190 ,$155, 213 ,$160, 194 ,$160, 177 ,$160, 199 ,$165, 188 ,$170, 197 ,$170, 235 ,$170, 223 ,$175, 237 ,$185, 238 ,$185, 284 ,$190, 264 ,$185, 333 ,$190, 321 ,$190, 332 ,$198, 288 ,$193, 341 ,$195, 341 ,$195, 337 ,$200, 339 ,$200, 432 ,$200, 358 ,$210, 387 ,$210, 362 ,$207, 420 ,$210, 392 ,$210, 451 ,$220, 413 ,$230, 443 ,$230, 449 ,$240, 505 ,$240, 554 ,$250, 504 ,$250, 471 ,$260, 592 ,$265, 724 ,$270, 685 ,$276, 663 ,$275, 747 ,$280, 712 ,$290, 754 ,$285, 778 ,$290, 863 ,$292, 868 ,$290, 958 ,$292, 878 ,$300, 787 ,$281, 853 ,$290, 975 ,$290, 839 ,$300, 889 ,$295, 905 ,$300, 874 ,$300, 887 ,$310, 874 ,$310, 903 ,$310, 913 ,$320, 880 ,$320, 917 ,$320, 910 ,$330, 977 ,$330, 940 ,$335, 941 ,$340, 956 ,$340," 1,022 ",$345, 989 ,$340," 1,013 ",$350," 1,018 ",$350," 1,068 ",$350," 1,105 ",$355," 1,109 ",$360," 1,110 ",$360," 1,233 ",$370," 1,139 ",$370," 1,190 ",$370," 1,221 ",$370," 1,403 ",$370," 1,334 ",$380," 1,312 ",$375," 1,305 ",$370," 1,090 ",$375
,Moonee Valley, 737 ,$170, 793 ,$175, 823 ,$180, 956 ,$180, 777 ,$175, 849 ,$180, 777 ,$190, 958 ,$190, 810 ,$195, 781 ,$195, 817 ,$200, 952 ,$210, 818 ,$200, 871 ,$200, 822 ,$210," 1,037 ",$205, 856 ,$200, 874 ,$200, 829 ,$210, 981 ,$215, 705 ,$205, 830 ,$210, 733 ,$210, 956 ,$210, 751 ,$210, 845 ,$220, 757 ,$225, 879 ,$225, 611 ,$230, 713 ,$230, 695 ,$235, 777 ,$250, 674 ,$260, 687 ,$260, 659 ,$275, 791 ,$290, 729 ,$300, 737 ,$300, 807 ,$310, 725 ,$315, 609 ,$320, 653 ,$320, 692 ,$330, 798 ,$335, 690 ,$330, 831 ,$340, 813 ,$350, 943 ,$350, 686 ,$345, 861 ,$350, 738 ,$350," 1,041 ",$360, 837 ,$350," 1,013 ",$350, 918 ,$350," 1,044 ",$350, 877 ,$350, 915 ,$350, 939 ,$360," 1,091 ",$360, 930 ,$350, 955 ,$360, 934 ,$370," 1,221 ",$370, 924 ,$360," 1,090 ",$370," 1,128 ",$375," 1,243 ",$380," 1,025 ",$380," 1,175 ",$390," 1,043 ",$380," 1,324 ",$400, 967 ,$390," 1,156 ",$398," 1,157 ",$395," 1,218 ",$410," 1,000 ",$400," 1,021 ",$410," 1,186 ",$400," 1,357 ",$420," 1,064 ",$415," 1,138 ",$400," 1,039 ",$415," 1,440 ",$420, 880 ,$395, 850 ,$400
,Moreland," 1,079 ",$155," 1,206 ",$160," 1,227 ",$165," 1,540 ",$170," 1,136 ",$165," 1,221 ",$170," 1,136 ",$170," 1,490 ",$180," 1,077 ",$180," 1,110 ",$180," 1,135 ",$185," 1,530 ",$185," 1,143 ",$185," 1,183 ",$190," 1,099 ",$190," 1,649 ",$195," 1,134 ",$190," 1,216 ",$195," 1,184 ",$195," 1,672 ",$200," 1,028 ",$195," 1,269 ",$200," 1,191 ",$200," 1,457 ",$210," 1,190 ",$200," 1,279 ",$210," 1,090 ",$210," 1,309 ",$220, 951 ,$220," 1,074 ",$220, 985 ,$230," 1,228 ",$240, 929 ,$250, 941 ,$250, 928 ,$270," 1,247 ",$270," 1,047 ",$300," 1,096 ",$300," 1,046 ",$300," 1,202 ",$300," 1,075 ",$310," 1,162 ",$310," 1,254 ",$320," 1,439 ",$325," 1,170 ",$330," 1,332 ",$330," 1,393 ",$340," 1,701 ",$340," 1,275 ",$350," 1,534 ",$350," 1,525 ",$340," 1,862 ",$350," 1,492 ",$350," 1,581 ",$350," 1,575 ",$350," 1,932 ",$350," 1,615 ",$350," 1,672 ",$350," 1,652 ",$350," 2,005 ",$350," 1,688 ",$360," 1,930 ",$350," 1,822 ",$360," 2,134 ",$360," 1,628 ",$360," 1,845 ",$360," 1,907 ",$370," 2,218 ",$380," 1,828 ",$370," 2,247 ",$380," 1,937 ",$380," 2,223 ",$395," 1,880 ",$400," 2,043 ",$400," 1,952 ",$400," 2,319 ",$400," 1,868 ",$400," 2,247 ",$410," 1,969 ",$420," 2,284 ",$420," 1,723 ",$415," 1,908 ",$420," 1,912 ",$420," 2,212 ",$425," 1,834 ",$400," 1,620 ",$400
,Nillumbik, 149 ,$200, 133 ,$200, 143 ,$200, 131 ,$216, 121 ,$215, 140 ,$220, 123 ,$220, 143 ,$220, 130 ,$220, 125 ,$215, 135 ,$230, 139 ,$230, 121 ,$235, 125 ,$230, 131 ,$230, 160 ,$240, 139 ,$245, 110 ,$230, 134 ,$245, 142 ,$248, 115 ,$250, 119 ,$250, 121 ,$245, 129 ,$260, 113 ,$260, 115 ,$250, 112 ,$290, 119 ,$260, 116 ,$270, 118 ,$280, 114 ,$280, 134 ,$300, 98 ,$300, 128 ,$310, 109 ,$325, 128 ,$323, 119 ,$335, 116 ,$350, 120 ,$333, 159 ,$380, 131 ,$380, 142 ,$350, 161 ,$360, 178 ,$368, 152 ,$360, 176 ,$368, 165 ,$380, 189 ,$370, 167 ,$380, 239 ,$365, 239 ,$360, 337 ,$360, 227 ,$350, 246 ,$350, 243 ,$350, 294 ,$350, 291 ,$345, 268 ,$350, 269 ,$350, 275 ,$360, 251 ,$370, 264 ,$360, 287 ,$360, 286 ,$370, 265 ,$360, 272 ,$373, 283 ,$365, 337 ,$370, 316 ,$370, 276 ,$370, 253 ,$375, 269 ,$380, 269 ,$390, 267 ,$395, 308 ,$390, 282 ,$400, 269 ,$400, 325 ,$405, 248 ,$400, 297 ,$405, 214 ,$410, 289 ,$410, 271 ,$420, 264 ,$420, 265 ,$410, 179 ,$430
,Whittlesea, 423 ,$165, 453 ,$165, 424 ,$170, 501 ,$175, 452 ,$170, 546 ,$175, 437 ,$180, 480 ,$180, 451 ,$180, 472 ,$180, 457 ,$185, 467 ,$190, 472 ,$190, 512 ,$190, 476 ,$195, 519 ,$191, 508 ,$195, 528 ,$200, 536 ,$200, 599 ,$200, 495 ,$200, 579 ,$205, 530 ,$200, 573 ,$210, 561 ,$210, 588 ,$210, 511 ,$215, 565 ,$210, 462 ,$220, 471 ,$220, 461 ,$220, 553 ,$230, 507 ,$240, 503 ,$250, 509 ,$255, 479 ,$260, 496 ,$280, 524 ,$290, 525 ,$290, 622 ,$300, 530 ,$300, 575 ,$300, 542 ,$300, 589 ,$320, 590 ,$320, 700 ,$323, 711 ,$320, 691 ,$325, 635 ,$330, 861 ,$321, 759 ,$330, 841 ,$320, 826 ,$320, 939 ,$325, 831 ,$320, 855 ,$320, 930 ,$325," 1,012 ",$325, 845 ,$325, 886 ,$320, 867 ,$330, 964 ,$330, 876 ,$330, 927 ,$330, 935 ,$330," 1,014 ",$340," 1,032 ",$340," 1,033 ",$350," 1,008 ",$340," 1,150 ",$343," 1,035 ",$350," 1,067 ",$350," 1,019 ",$355," 1,051 ",$360," 1,032 ",$360," 1,037 ",$365, 986 ,$370, 962 ,$375, 942 ,$375," 1,061 ",$370, 945 ,$380," 1,084 ",$380," 1,066 ",$380," 1,124 ",$380, 993 ,$380, 805 ,$380
,Wyndham, 393 ,$160, 415 ,$160, 437 ,$165, 445 ,$163, 445 ,$165, 414 ,$165, 414 ,$170, 467 ,$170, 431 ,$170, 466 ,$170, 378 ,$175, 465 ,$175, 444 ,$178, 505 ,$180, 436 ,$180, 528 ,$180, 495 ,$185, 576 ,$185, 584 ,$185, 682 ,$185, 569 ,$185, 642 ,$190, 682 ,$190, 677 ,$190, 706 ,$195, 698 ,$195, 621 ,$200, 713 ,$200, 701 ,$200, 723 ,$210, 700 ,$210, 788 ,$220, 733 ,$220, 818 ,$230, 797 ,$240, 779 ,$240, 853 ,$260, 992 ,$276, 961 ,$275, 901 ,$280, 951 ,$270," 1,120 ",$280," 1,175 ",$280," 1,143 ",$283," 1,152 ",$285," 1,317 ",$290," 1,307 ",$295," 1,249 ",$300," 1,282 ",$295," 1,602 ",$300," 1,480 ",$300," 1,956 ",$300," 1,501 ",$300," 1,651 ",$300," 1,517 ",$300," 1,538 ",$300," 1,459 ",$300," 1,548 ",$300," 1,373 ",$310," 1,402 ",$310," 1,368 ",$315," 1,464 ",$320," 1,494 ",$320," 1,535 ",$320," 1,519 ",$322," 1,602 ",$334," 1,587 ",$340," 1,564 ",$340," 1,567 ",$340," 1,903 ",$350," 1,846 ",$350," 1,860 ",$360," 1,765 ",$370," 1,990 ",$365," 1,915 ",$370," 1,967 ",$370," 2,022 ",$370," 2,125 ",$380," 2,020 ",$380," 2,223 ",$380," 2,162 ",$380," 2,450 ",$380," 2,224 ",$380," 2,375 ",$380," 2,271 ",$370," 2,016 ",$370
,Yarra, 920 ,$220," 1,080 ",$235, 995 ,$230," 1,403 ",$250," 1,069 ",$260," 1,190 ",$250," 1,001 ",$255," 1,467 ",$260, 984 ,$260," 1,089 ",$260, 948 ,$270," 1,302 ",$265, 973 ,$260," 1,017 ",$260, 910 ,$270," 1,376 ",$270, 911 ,$270," 1,035 ",$270, 925 ,$265," 1,277 ",$280, 818 ,$275, 959 ,$270, 945 ,$270," 1,258 ",$280, 943 ,$285," 1,044 ",$280, 918 ,$290," 1,179 ",$300, 842 ,$300, 898 ,$301, 778 ,$320," 1,001 ",$340, 756 ,$340, 819 ,$350, 802 ,$350," 1,122 ",$370, 940 ,$375, 903 ,$385, 805 ,$395, 984 ,$380, 785 ,$380, 904 ,$400, 886 ,$400," 1,114 ",$415, 897 ,$410," 1,001 ",$410, 898 ,$408," 1,151 ",$420, 870 ,$435," 1,030 ",$450," 1,038 ",$438," 1,341 ",$440," 1,178 ",$430," 1,227 ",$450," 1,039 ",$450," 1,376 ",$450," 1,152 ",$460," 1,347 ",$450," 1,243 ",$450," 1,718 ",$430," 1,248 ",$450," 1,614 ",$430," 1,349 ",$450," 1,573 ",$450," 1,459 ",$440," 1,743 ",$450," 1,569 ",$450," 2,074 ",$470," 1,462 ",$460," 1,761 ",$480," 1,618 ",$460," 1,941 ",$485," 1,399 ",$490," 1,570 ",$500," 1,421 ",$485," 1,832 ",$500," 1,461 ",$490," 1,669 ",$500," 1,570 ",$515," 1,910 ",$515," 1,393 ",$515," 1,717 ",$495," 1,598 ",$515," 1,787 ",$510," 1,458 ",$488," 1,430 ",$470
,Group Total," 8,845 ",$170," 9,494 ",$170," 9,467 ",$175," 11,815 ",$180," 9,446 ",$180," 10,454 ",$180," 9,440 ",$180," 11,981 ",$190," 9,505 ",$190," 9,987 ",$190," 9,595 ",$200," 12,221 ",$200," 9,754 ",$200," 10,572 ",$200," 9,969 ",$200," 13,541 ",$210," 10,298 ",$200," 11,185 ",$205," 10,688 ",$210," 14,306 ",$220," 9,482 ",$210," 11,717 ",$210," 10,868 ",$220," 14,200 ",$230," 11,381 ",$220," 12,571 ",$220," 10,733 ",$230," 13,827 ",$239," 10,662 ",$235," 11,343 ",$240," 10,247 ",$240," 13,690 ",$255," 10,336 ",$260," 10,990 ",$260," 10,218 ",$275," 13,279 ",$280," 11,925 ",$300," 11,690 ",$300," 11,161 ",$300," 14,297 ",$317," 11,489 ",$310," 13,266 ",$320," 12,551 ",$320," 16,139 ",$330," 12,730 ",$330," 14,560 ",$330," 14,093 ",$330," 17,733 ",$340," 13,334 ",$335," 16,163 ",$340," 14,967 ",$340," 20,563 ",$340," 15,307 ",$340," 17,423 ",$340," 16,068 ",$340," 21,272 ",$350," 16,815 ",$350," 18,211 ",$350," 16,587 ",$350," 22,315 ",$360," 16,786 ",$350," 19,598 ",$360," 17,954 ",$360," 24,369 ",$365," 17,952 ",$360," 20,780 ",$370," 19,706 ",$370," 25,655 ",$380," 18,783 ",$375," 23,018 ",$380," 19,726 ",$380," 26,356 ",$400," 19,082 ",$390," 22,090 ",$400," 20,334 ",$400," 25,870 ",$410," 19,463 ",$400," 23,008 ",$410," 19,956 ",$410," 26,124 ",$420," 19,524 ",$410," 23,533 ",$410," 21,020 ",$410," 27,897 ",$420," 19,760 ",$400," 19,729 ",$400
Eastern Metro,Boroondara," 1,218 ",$220," 1,308 ",$210," 1,364 ",$220," 1,649 ",$225," 1,195 ",$220," 1,331 ",$225," 1,326 ",$230," 1,731 ",$235," 1,215 ",$240," 1,269 ",$240," 1,285 ",$240," 1,744 ",$245," 1,203 ",$250," 1,297 ",$245," 1,224 ",$250," 1,804 ",$250," 1,184 ",$250," 1,299 ",$250," 1,246 ",$250," 1,797 ",$250," 1,095 ",$250," 1,215 ",$255," 1,185 ",$270," 1,616 ",$260," 1,174 ",$260," 1,283 ",$260," 1,118 ",$270," 1,551 ",$265," 1,084 ",$270," 1,110 ",$275," 1,053 ",$285," 1,641 ",$290," 1,012 ",$300," 1,075 ",$310," 1,048 ",$330," 1,552 ",$328," 1,142 ",$350," 1,210 ",$350," 1,214 ",$365," 1,616 ",$350," 1,202 ",$365," 1,290 ",$360," 1,295 ",$375," 1,681 ",$370," 1,239 ",$380," 1,328 ",$385," 1,350 ",$390," 1,746 ",$380," 1,395 ",$385," 1,555 ",$390," 1,404 ",$400," 1,921 ",$385," 1,455 ",$400," 1,534 ",$390," 1,453 ",$400," 2,100 ",$395," 1,525 ",$400," 1,737 ",$391," 1,554 ",$415," 2,174 ",$390," 1,495 ",$400," 1,840 ",$395," 1,594 ",$420," 2,196 ",$400," 1,559 ",$420," 1,782 ",$415," 1,776 ",$420," 2,451 ",$410," 1,614 ",$437," 1,907 ",$430," 1,875 ",$440," 2,424 ",$420," 1,675 ",$450," 1,813 ",$430," 1,682 ",$460," 2,305 ",$440," 1,565 ",$460," 1,654 ",$450," 1,589 ",$480," 2,356 ",$445," 1,454 ",$470," 1,612 ",$470," 1,611 ",$480," 2,238 ",$460," 1,299 ",$460," 1,265 ",$450
,Knox, 589 ,$180, 562 ,$180, 543 ,$180, 593 ,$180, 579 ,$185, 583 ,$185, 524 ,$188, 588 ,$190, 593 ,$190, 601 ,$195, 585 ,$195, 589 ,$200, 535 ,$200, 641 ,$200, 560 ,$205, 648 ,$200, 648 ,$210, 648 ,$210, 599 ,$210, 673 ,$215, 538 ,$215, 635 ,$220, 576 ,$220, 625 ,$220, 634 ,$220, 622 ,$225, 534 ,$230, 529 ,$230, 550 ,$231, 584 ,$240, 517 ,$250, 602 ,$250, 565 ,$250, 554 ,$260, 533 ,$275, 547 ,$280, 521 ,$300, 571 ,$300, 573 ,$300, 555 ,$300, 593 ,$300, 604 ,$320, 514 ,$320, 578 ,$330, 565 ,$336, 623 ,$330, 594 ,$340, 649 ,$340, 582 ,$350, 675 ,$349, 690 ,$340, 679 ,$340, 730 ,$340, 744 ,$350, 621 ,$350, 666 ,$350, 716 ,$350, 710 ,$350, 656 ,$360, 699 ,$350, 622 ,$360, 738 ,$360, 677 ,$360, 725 ,$370, 733 ,$370, 831 ,$370, 816 ,$375, 802 ,$380, 817 ,$380, 903 ,$380, 799 ,$385, 834 ,$395, 851 ,$390, 851 ,$400, 878 ,$400, 843 ,$400, 890 ,$400, 896 ,$410, 845 ,$410, 941 ,$410, 802 ,$400, 866 ,$410, 806 ,$420, 878 ,$415, 762 ,$410, 574 ,$420
,Manningham, 402 ,$215, 416 ,$210, 407 ,$220, 484 ,$225, 422 ,$225, 412 ,$225, 405 ,$230, 472 ,$235, 419 ,$230, 418 ,$240, 435 ,$245, 480 ,$250, 394 ,$250, 447 ,$240, 448 ,$250, 494 ,$250, 428 ,$250, 460 ,$248, 441 ,$255, 510 ,$255, 404 ,$260, 422 ,$255, 414 ,$260, 468 ,$265, 412 ,$260, 426 ,$270, 321 ,$280, 374 ,$275, 326 ,$280, 370 ,$280, 310 ,$295, 381 ,$300, 338 ,$300, 362 ,$310, 312 ,$340, 413 ,$340, 402 ,$350, 386 ,$358, 405 ,$360, 400 ,$353, 364 ,$360, 434 ,$360, 404 ,$375, 433 ,$380, 411 ,$375, 421 ,$380, 430 ,$380, 447 ,$390, 413 ,$400, 461 ,$395, 484 ,$400, 517 ,$400, 503 ,$395, 549 ,$390, 499 ,$410, 510 ,$410, 459 ,$400, 527 ,$405, 463 ,$420, 537 ,$420, 461 ,$425, 536 ,$429, 512 ,$430, 582 ,$440, 488 ,$440, 585 ,$435, 603 ,$450, 658 ,$450, 624 ,$450, 768 ,$420, 638 ,$450, 762 ,$450, 676 ,$450, 686 ,$450, 656 ,$460, 750 ,$460, 598 ,$480, 716 ,$460, 656 ,$470, 755 ,$470, 650 ,$475, 773 ,$470, 695 ,$475, 736 ,$470, 530 ,$450, 583 ,$455
,Maroondah, 532 ,$160, 553 ,$162, 532 ,$165, 555 ,$165, 511 ,$170, 614 ,$175, 563 ,$175, 572 ,$180, 528 ,$180, 595 ,$180, 577 ,$185, 536 ,$185, 568 ,$190, 625 ,$190, 591 ,$190, 627 ,$190, 606 ,$190, 663 ,$195, 522 ,$191, 632 ,$195, 553 ,$195, 570 ,$200, 562 ,$200, 581 ,$200, 571 ,$210, 564 ,$208, 512 ,$213, 527 ,$215, 436 ,$220, 485 ,$220, 475 ,$230, 541 ,$230, 518 ,$240, 482 ,$250, 428 ,$255, 492 ,$270, 493 ,$270, 539 ,$280, 535 ,$280, 503 ,$290, 528 ,$295, 501 ,$300, 501 ,$300, 528 ,$310, 589 ,$320, 564 ,$320, 504 ,$320, 601 ,$320, 522 ,$330, 689 ,$330, 528 ,$330, 651 ,$330, 596 ,$330, 657 ,$330, 586 ,$330, 627 ,$330, 667 ,$335, 680 ,$335, 601 ,$340, 617 ,$350, 619 ,$350, 638 ,$350, 659 ,$350, 668 ,$360, 660 ,$350, 727 ,$360, 686 ,$360, 770 ,$370, 742 ,$365, 744 ,$370, 709 ,$370, 752 ,$380, 715 ,$380, 741 ,$380, 704 ,$391, 712 ,$390, 657 ,$400, 747 ,$400, 676 ,$400, 694 ,$398, 715 ,$400, 737 ,$400, 725 ,$410, 695 ,$410, 585 ,$400, 478 ,$410
,Monash, 975 ,$190, 994 ,$190," 1,012 ",$200," 1,279 ",$200, 904 ,$200," 1,054 ",$200," 1,013 ",$200," 1,218 ",$210, 843 ,$210, 962 ,$210," 1,005 ",$220," 1,306 ",$220, 960 ,$220, 988 ,$220, 968 ,$220," 1,342 ",$230, 933 ,$225," 1,086 ",$230, 998 ,$230," 1,473 ",$230, 780 ,$238," 1,036 ",$230, 995 ,$240," 1,333 ",$240," 1,002 ",$240," 1,026 ",$240, 898 ,$250," 1,225 ",$250, 779 ,$260, 854 ,$260, 901 ,$260," 1,179 ",$275, 786 ,$300, 834 ,$300, 867 ,$300," 1,206 ",$320, 929 ,$330, 886 ,$340, 912 ,$345," 1,136 ",$350, 859 ,$346, 976 ,$350, 959 ,$360," 1,366 ",$360," 1,055 ",$355," 1,082 ",$360," 1,110 ",$360," 1,450 ",$370," 1,002 ",$370," 1,161 ",$375," 1,137 ",$380," 1,422 ",$380," 1,070 ",$380," 1,164 ",$380," 1,124 ",$375," 1,586 ",$375," 1,140 ",$380," 1,293 ",$380," 1,166 ",$380," 1,695 ",$380," 1,154 ",$390," 1,267 ",$390," 1,308 ",$395," 1,757 ",$390," 1,225 ",$400," 1,265 ",$400," 1,385 ",$410," 1,846 ",$410," 1,311 ",$410," 1,454 ",$420," 1,309 ",$420," 1,840 ",$425," 1,195 ",$430," 1,355 ",$430," 1,282 ",$430," 1,856 ",$450," 1,200 ",$440," 1,344 ",$450," 1,261 ",$450," 1,785 ",$450," 1,171 ",$460," 1,280 ",$450," 1,254 ",$460," 2,066 ",$460," 1,174 ",$450," 1,229 ",$430
,Whitehorse, 854 ,$185, 807 ,$185, 880 ,$190," 1,066 ",$195, 851 ,$195, 865 ,$200, 812 ,$195, 980 ,$200, 812 ,$210, 840 ,$205, 840 ,$215," 1,052 ",$215, 806 ,$220, 849 ,$220, 837 ,$220," 1,087 ",$220, 828 ,$220, 838 ,$220, 899 ,$225," 1,116 ",$230, 729 ,$230, 854 ,$240, 838 ,$235, 967 ,$245, 776 ,$240, 845 ,$240, 798 ,$245, 858 ,$250, 712 ,$255, 749 ,$255, 710 ,$260, 956 ,$270, 728 ,$280, 767 ,$290, 753 ,$300," 1,051 ",$300, 788 ,$325, 806 ,$330, 821 ,$330," 1,143 ",$320, 956 ,$330, 915 ,$330, 914 ,$350," 1,190 ",$350, 914 ,$350, 999 ,$360," 1,019 ",$360," 1,335 ",$360, 997 ,$360," 1,151 ",$370," 1,035 ",$370," 1,494 ",$370," 1,043 ",$375," 1,085 ",$365," 1,120 ",$370," 1,551 ",$370," 1,171 ",$380," 1,158 ",$375," 1,137 ",$380," 1,707 ",$375," 1,184 ",$380," 1,307 ",$385," 1,204 ",$390," 1,638 ",$380," 1,225 ",$390," 1,330 ",$395," 1,365 ",$395," 1,797 ",$395," 1,321 ",$400," 1,485 ",$405," 1,469 ",$400," 1,826 ",$400," 1,378 ",$415," 1,535 ",$430," 1,592 ",$425," 2,197 ",$425," 1,313 ",$435," 1,477 ",$430," 1,479 ",$440," 1,981 ",$430," 1,314 ",$450," 1,511 ",$440," 1,539 ",$450," 2,016 ",$438," 1,205 ",$420," 1,198 ",$420
,Yarra Ranges, 479 ,$150, 451 ,$155, 475 ,$160, 477 ,$160, 473 ,$165, 482 ,$160, 441 ,$165, 462 ,$170, 458 ,$170, 508 ,$170, 445 ,$174, 453 ,$175, 517 ,$180, 506 ,$180, 514 ,$185, 531 ,$185, 508 ,$190, 550 ,$190, 546 ,$195, 499 ,$200, 474 ,$195, 544 ,$195, 460 ,$200, 508 ,$200, 495 ,$210, 503 ,$200, 423 ,$210, 455 ,$220, 455 ,$220, 498 ,$215, 439 ,$220, 483 ,$230, 462 ,$240, 473 ,$240, 435 ,$250, 476 ,$250, 468 ,$265, 444 ,$270, 445 ,$285, 477 ,$290, 466 ,$290, 466 ,$290, 469 ,$300, 499 ,$300, 492 ,$315, 512 ,$306, 483 ,$330, 459 ,$330, 498 ,$330, 527 ,$330, 511 ,$330, 574 ,$330, 518 ,$335, 569 ,$335, 519 ,$330, 512 ,$330, 517 ,$336, 545 ,$340, 546 ,$350, 491 ,$340, 505 ,$340, 521 ,$350, 532 ,$350, 490 ,$351, 517 ,$360, 556 ,$360, 519 ,$360, 542 ,$360, 518 ,$370, 574 ,$375, 532 ,$370, 557 ,$370, 580 ,$380, 536 ,$380, 525 ,$390, 522 ,$390, 507 ,$390, 451 ,$390, 498 ,$400, 523 ,$400, 503 ,$410, 554 ,$400, 513 ,$400, 466 ,$410, 466 ,$400, 333 ,$400
,Group Total," 5,049 ",$185," 5,091 ",$185," 5,213 ",$190," 6,103 ",$195," 4,935 ",$195," 5,341 ",$195," 5,084 ",$200," 6,023 ",$200," 4,868 ",$205," 5,193 ",$205," 5,172 ",$210," 6,160 ",$215," 4,983 ",$215," 5,353 ",$215," 5,142 ",$220," 6,533 ",$220," 5,135 ",$220," 5,544 ",$220," 5,251 ",$225," 6,700 ",$230," 4,573 ",$230," 5,276 ",$230," 5,030 ",$230," 6,098 ",$240," 5,064 ",$235," 5,269 ",$240," 4,604 ",$245," 5,519 ",$245," 4,342 ",$250," 4,650 ",$250," 4,405 ",$260," 5,783 ",$265," 4,409 ",$270," 4,547 ",$280," 4,376 ",$295," 5,737 ",$300," 4,743 ",$320," 4,842 ",$320," 4,905 ",$330," 5,830 ",$330," 4,968 ",$330," 5,186 ",$335," 5,056 ",$346," 6,275 ",$350," 5,265 ",$350," 5,529 ",$350," 5,490 ",$360," 6,687 ",$360," 5,409 ",$360," 6,219 ",$360," 5,789 ",$365," 7,258 ",$365," 5,915 ",$370," 6,302 ",$360," 5,922 ",$370," 7,552 ",$370," 6,195 ",$370," 6,650 ",$370," 6,123 ",$380," 7,920 ",$375," 6,040 ",$380," 6,847 ",$380," 6,486 ",$386," 8,056 ",$385," 6,407 ",$390," 7,076 ",$395," 7,150 ",$400," 8,866 ",$400," 6,947 ",$400," 7,835 ",$400," 7,331 ",$400," 8,995 ",$410," 7,070 ",$420," 7,517 ",$420," 7,319 ",$425," 9,185 ",$425," 6,730 ",$430," 7,285 ",$430," 7,004 ",$440," 9,035 ",$430," 6,609 ",$440," 7,333 ",$440," 7,143 ",$445," 9,095 ",$445," 6,021 ",$430," 5,660 ",$430
Southern Metro,Bayside, 450 ,$250, 487 ,$265, 501 ,$255, 520 ,$270, 464 ,$270, 560 ,$275, 464 ,$275, 567 ,$290, 460 ,$275, 512 ,$290, 516 ,$285, 559 ,$295, 465 ,$285, 534 ,$280, 491 ,$295, 599 ,$290, 502 ,$285, 558 ,$290, 444 ,$300, 565 ,$295, 417 ,$295, 532 ,$298, 528 ,$300, 571 ,$300, 464 ,$300, 525 ,$330, 492 ,$310, 476 ,$333, 390 ,$333, 448 ,$340, 354 ,$348, 502 ,$375, 435 ,$360, 454 ,$390, 478 ,$380, 544 ,$440, 469 ,$420, 492 ,$430, 470 ,$425, 541 ,$450, 492 ,$450, 520 ,$450, 467 ,$450, 534 ,$480, 483 ,$450, 544 ,$460, 509 ,$460, 579 ,$480, 521 ,$490, 590 ,$490, 546 ,$480, 630 ,$500, 525 ,$500, 647 ,$500, 632 ,$480, 676 ,$480, 609 ,$495, 624 ,$483, 669 ,$500, 756 ,$500, 634 ,$495, 686 ,$508, 717 ,$520, 765 ,$480, 652 ,$485, 701 ,$510, 702 ,$520, 760 ,$518, 686 ,$513, 852 ,$500, 714 ,$530, 764 ,$550, 696 ,$525, 741 ,$550, 686 ,$550, 735 ,$550, 755 ,$520, 728 ,$570, 718 ,$550, 742 ,$575, 659 ,$575, 709 ,$550, 701 ,$550, 776 ,$595, 614 ,$550, 561 ,$600
,Cardinia, 196 ,$155, 192 ,$155, 182 ,$155, 205 ,$160, 197 ,$160, 207 ,$160, 179 ,$165, 188 ,$165, 202 ,$165, 222 ,$165, 193 ,$165, 219 ,$170, 224 ,$170, 234 ,$170, 203 ,$180, 257 ,$175, 241 ,$180, 275 ,$180, 269 ,$185, 275 ,$185, 246 ,$190, 303 ,$190, 271 ,$190, 276 ,$190, 294 ,$200, 306 ,$200, 237 ,$195, 292 ,$205, 263 ,$200, 285 ,$220, 327 ,$210, 328 ,$220, 295 ,$220, 303 ,$230, 291 ,$230, 373 ,$250, 370 ,$260, 376 ,$263, 402 ,$280, 377 ,$270, 426 ,$270, 428 ,$280, 444 ,$280, 457 ,$290, 455 ,$300, 442 ,$300, 460 ,$300, 464 ,$310, 522 ,$310, 563 ,$310, 536 ,$310, 612 ,$310, 598 ,$310, 630 ,$310, 584 ,$310, 601 ,$305, 607 ,$310, 593 ,$310, 574 ,$320, 594 ,$320, 565 ,$310, 602 ,$320, 522 ,$320, 641 ,$320, 625 ,$320, 675 ,$340, 567 ,$340, 575 ,$340, 602 ,$340, 673 ,$350, 597 ,$350, 628 ,$350, 678 ,$350, 698 ,$350, 694 ,$360, 670 ,$363, 669 ,$360, 774 ,$360, 684 ,$365, 739 ,$360, 718 ,$370, 752 ,$365, 728 ,$360, 753 ,$360, 634 ,$365, 510 ,$370
,Casey, 749 ,$160, 854 ,$165, 771 ,$165, 771 ,$170, 757 ,$170, 903 ,$170, 782 ,$174, 844 ,$175, 823 ,$175, 876 ,$180, 866 ,$180, 890 ,$180, 864 ,$180, 894 ,$185, 937 ,$185, 967 ,$185, 963 ,$185," 1,082 ",$190," 1,091 ",$195," 1,035 ",$195, 845 ,$200," 1,032 ",$195," 1,030 ",$200," 1,046 ",$200," 1,063 ",$205," 1,016 ",$210, 954 ,$210, 976 ,$213, 864 ,$215, 940 ,$220, 849 ,$230," 1,084 ",$230, 933 ,$240, 944 ,$243," 1,006 ",$250," 1,020 ",$260," 1,034 ",$265, 941 ,$280," 1,002 ",$280, 996 ,$280," 1,006 ",$280," 1,136 ",$290," 1,029 ",$300," 1,041 ",$300," 1,080 ",$310," 1,150 ",$320," 1,198 ",$320," 1,104 ",$320," 1,056 ",$320," 1,286 ",$325," 1,209 ",$325," 1,263 ",$330," 1,206 ",$325," 1,369 ",$325," 1,266 ",$320," 1,304 ",$330," 1,248 ",$330," 1,311 ",$330," 1,305 ",$340," 1,307 ",$330," 1,357 ",$340," 1,545 ",$340," 1,465 ",$350," 1,459 ",$350," 1,464 ",$350," 1,604 ",$350," 1,517 ",$350," 1,478 ",$360," 1,558 ",$360," 1,781 ",$360," 1,647 ",$360," 1,769 ",$370," 1,729 ",$370," 1,868 ",$380," 1,829 ",$375," 1,838 ",$380," 1,832 ",$380," 2,026 ",$380," 1,920 ",$380," 1,962 ",$380," 1,979 ",$385," 2,131 ",$380," 1,982 ",$380," 1,970 ",$390," 1,671 ",$385," 1,390 ",$390
,Frankston, 685 ,$150, 752 ,$150, 729 ,$150, 809 ,$150, 822 ,$155, 841 ,$155, 709 ,$160, 758 ,$160, 755 ,$160, 826 ,$165, 753 ,$165, 773 ,$165, 831 ,$170, 824 ,$170, 881 ,$175, 850 ,$180, 859 ,$175, 946 ,$180, 871 ,$180, 919 ,$180, 809 ,$185, 896 ,$185, 833 ,$185, 882 ,$190, 869 ,$195, 932 ,$190, 849 ,$191, 888 ,$200, 835 ,$200, 898 ,$206, 810 ,$205, 853 ,$210, 863 ,$220, 910 ,$226, 864 ,$230," 1,010 ",$235, 941 ,$250, 932 ,$255, 863 ,$260, 812 ,$265, 869 ,$265," 1,006 ",$260, 935 ,$270, 976 ,$280, 935 ,$285," 1,043 ",$290, 913 ,$290, 963 ,$290, 993 ,$300," 1,145 ",$300," 1,048 ",$300," 1,110 ",$300," 1,013 ",$300," 1,137 ",$300," 1,084 ",$309," 1,127 ",$300," 1,138 ",$300," 1,109 ",$305," 1,134 ",$310," 1,114 ",$313," 1,081 ",$310," 1,116 ",$310," 1,128 ",$320," 1,064 ",$320," 1,062 ",$320," 1,082 ",$330," 1,053 ",$335," 1,117 ",$335," 1,059 ",$330," 1,094 ",$340," 1,032 ",$340," 1,052 ",$350," 1,049 ",$350," 1,157 ",$350," 1,113 ",$360," 1,063 ",$360," 1,040 ",$360," 1,114 ",$360," 1,056 ",$370," 1,052 ",$365," 1,006 ",$360," 1,122 ",$360," 1,068 ",$370," 1,054 ",$375, 941 ,$370, 822 ,$370
,Glen Eira," 1,151 ",$180," 1,260 ",$179," 1,216 ",$180," 1,415 ",$185," 1,198 ",$190," 1,301 ",$190," 1,195 ",$195," 1,512 ",$200," 1,088 ",$200," 1,235 ",$200," 1,163 ",$205," 1,533 ",$200," 1,140 ",$205," 1,188 ",$210," 1,226 ",$210," 1,519 ",$210," 1,176 ",$220," 1,262 ",$220," 1,136 ",$220," 1,642 ",$223," 1,031 ",$225," 1,280 ",$230," 1,189 ",$220," 1,472 ",$230," 1,154 ",$240," 1,197 ",$230," 1,057 ",$240," 1,349 ",$235," 1,146 ",$240," 1,149 ",$240," 1,071 ",$250," 1,384 ",$265," 1,020 ",$280," 1,139 ",$295," 1,104 ",$293," 1,329 ",$300," 1,219 ",$320," 1,145 ",$330," 1,111 ",$330," 1,426 ",$330," 1,175 ",$330," 1,415 ",$330," 1,330 ",$340," 1,561 ",$350," 1,244 ",$350," 1,441 ",$355," 1,393 ",$360," 1,707 ",$365," 1,353 ",$360," 1,526 ",$370," 1,454 ",$370," 1,739 ",$375," 1,412 ",$375," 1,606 ",$360," 1,601 ",$370," 1,879 ",$380," 1,502 ",$375," 1,654 ",$370," 1,596 ",$375," 1,996 ",$380," 1,526 ",$380," 1,776 ",$385," 1,727 ",$380," 1,953 ",$387," 1,604 ",$395," 1,795 ",$390," 1,752 ",$400," 2,135 ",$400," 1,534 ",$400," 2,049 ",$415," 1,830 ",$420," 2,119 ",$435," 1,659 ",$420," 1,839 ",$420," 1,853 ",$435," 2,326 ",$445," 1,614 ",$450," 1,889 ",$450," 1,983 ",$450," 2,308 ",$450," 1,666 ",$450," 1,830 ",$450," 1,919 ",$450," 2,400 ",$460," 1,557 ",$450," 1,598 ",$430
,Greater Dandenong, 911 ,$138, 958 ,$135," 1,007 ",$140," 1,004 ",$140, 899 ,$140, 926 ,$140, 890 ,$143, 954 ,$145, 877 ,$145, 907 ,$145, 894 ,$150, 935 ,$150, 817 ,$150, 972 ,$150, 827 ,$155, 977 ,$150, 846 ,$160, 954 ,$160, 822 ,$160, 957 ,$160, 689 ,$165, 814 ,$161, 807 ,$165, 867 ,$165, 873 ,$170, 882 ,$170, 736 ,$175, 773 ,$175, 744 ,$180, 731 ,$185, 689 ,$185, 777 ,$190, 746 ,$200, 758 ,$210, 625 ,$225, 864 ,$230, 814 ,$250, 758 ,$250, 784 ,$250, 823 ,$265, 853 ,$270, 910 ,$265, 868 ,$275, 820 ,$280, 899 ,$295, 980 ,$290, 931 ,$290," 1,064 ",$285, 961 ,$290," 1,026 ",$295," 1,027 ",$300," 1,082 ",$290," 1,016 ",$300," 1,147 ",$290," 1,103 ",$300," 1,180 ",$300," 1,160 ",$300," 1,184 ",$300," 1,043 ",$300," 1,137 ",$305," 1,120 ",$310," 1,162 ",$310," 1,106 ",$320," 1,221 ",$320," 1,290 ",$310," 1,307 ",$320," 1,276 ",$330," 1,232 ",$320," 1,262 ",$323," 1,346 ",$335," 1,253 ",$335," 1,277 ",$340," 1,197 ",$340," 1,360 ",$350," 1,238 ",$350," 1,336 ",$350," 1,138 ",$350," 1,311 ",$360," 1,202 ",$360," 1,271 ",$355," 1,152 ",$360," 1,243 ",$360," 1,288 ",$355," 1,366 ",$360," 1,025 ",$360, 796 ,$355
,Kingston, 893 ,$165, 968 ,$165, 897 ,$175, 939 ,$170, 870 ,$170, 946 ,$180, 928 ,$180, 951 ,$180, 826 ,$185, 992 ,$185, 895 ,$190," 1,043 ",$195, 912 ,$190," 1,002 ",$195, 932 ,$200," 1,002 ",$200, 903 ,$195, 986 ,$200," 1,006 ",$200," 1,005 ",$200, 788 ,$200, 908 ,$205, 906 ,$220, 888 ,$210, 873 ,$210, 989 ,$220, 785 ,$220, 845 ,$225, 749 ,$225, 812 ,$235, 730 ,$240, 852 ,$250, 732 ,$255, 808 ,$265, 783 ,$280, 852 ,$281, 770 ,$290, 837 ,$300, 769 ,$300, 843 ,$300, 882 ,$310, 895 ,$310, 882 ,$320, 842 ,$325, 866 ,$330, 889 ,$340, 909 ,$340, 923 ,$340, 888 ,$345," 1,063 ",$350, 981 ,$350," 1,104 ",$350," 1,038 ",$350," 1,153 ",$350," 1,090 ",$360," 1,128 ",$350," 1,044 ",$350," 1,092 ",$350," 1,086 ",$360," 1,149 ",$360," 1,019 ",$370," 1,093 ",$365," 1,061 ",$370," 1,119 ",$380," 1,110 ",$375," 1,192 ",$375," 1,113 ",$380," 1,204 ",$390," 1,088 ",$380," 1,239 ",$398," 1,136 ",$400," 1,287 ",$400," 1,087 ",$400," 1,189 ",$420," 1,150 ",$410," 1,300 ",$420," 1,075 ",$420," 1,219 ",$420," 1,179 ",$430," 1,341 ",$430," 1,136 ",$430," 1,222 ",$425," 1,148 ",$430," 1,297 ",$440, 994 ,$430, 932 ,$430
,Mornington Penin'a, 802 ,$140, 806 ,$145, 744 ,$150, 805 ,$150, 798 ,$150, 865 ,$150, 716 ,$160, 791 ,$160, 818 ,$160, 815 ,$165, 788 ,$170, 756 ,$180, 818 ,$175, 874 ,$180, 799 ,$180, 819 ,$180, 833 ,$180, 897 ,$185, 885 ,$185, 860 ,$190, 774 ,$190, 863 ,$190, 888 ,$190, 810 ,$195, 819 ,$195, 910 ,$200, 865 ,$195, 753 ,$200, 812 ,$210, 802 ,$210, 694 ,$210, 844 ,$220, 765 ,$220, 879 ,$230, 751 ,$240, 816 ,$250, 896 ,$250, 916 ,$260, 873 ,$265, 801 ,$270, 920 ,$270, 989 ,$275, 865 ,$280, 864 ,$295, 922 ,$295, 941 ,$295, 824 ,$310, 821 ,$320, 912 ,$310," 1,049 ",$300, 918 ,$310, 953 ,$320, 992 ,$320," 1,052 ",$315," 1,086 ",$320," 1,022 ",$320," 1,044 ",$320," 1,083 ",$320," 1,035 ",$320, 971 ,$330," 1,040 ",$334," 1,093 ",$330," 1,023 ",$335, 943 ,$350," 1,014 ",$340," 1,093 ",$350, 938 ,$350, 931 ,$355," 1,003 ",$355," 1,081 ",$365, 942 ,$365, 889 ,$380, 972 ,$375," 1,022 ",$380, 944 ,$390, 872 ,$395, 966 ,$393," 1,028 ",$385, 842 ,$400, 870 ,$400, 919 ,$400," 1,007 ",$400, 923 ,$400, 910 ,$420, 900 ,$400, 702 ,$430
,Port Phillip," 1,808 ",$205," 2,057 ",$210," 1,961 ",$220," 2,235 ",$220," 1,857 ",$220," 2,095 ",$220," 2,062 ",$235," 2,359 ",$240," 2,013 ",$245," 2,233 ",$240," 2,058 ",$250," 2,446 ",$250," 2,047 ",$250," 2,358 ",$250," 2,067 ",$250," 2,561 ",$250," 2,048 ",$260," 2,280 ",$255," 2,029 ",$260," 2,512 ",$265," 1,883 ",$265," 2,385 ",$260," 2,212 ",$270," 2,431 ",$270," 2,044 ",$270," 2,295 ",$270," 1,883 ",$270," 2,049 ",$275," 1,614 ",$295," 2,121 ",$290," 1,780 ",$300," 2,006 ",$310," 1,805 ",$320," 1,883 ",$330," 1,727 ",$340," 2,101 ",$350," 1,738 ",$350," 2,139 ",$360," 1,787 ",$360," 1,792 ",$370," 1,575 ",$370," 1,760 ",$375," 1,638 ",$375," 1,814 ",$380," 1,681 ",$390," 1,923 ",$385," 1,672 ",$395," 1,786 ",$410," 1,641 ",$400," 2,022 ",$400," 1,712 ",$410," 2,023 ",$415," 1,765 ",$420," 2,075 ",$410," 1,958 ",$420," 2,243 ",$415," 1,940 ",$410," 2,282 ",$410," 2,210 ",$420," 2,301 ",$420," 1,902 ",$400," 2,191 ",$415," 2,073 ",$420," 2,142 ",$410," 2,054 ",$425," 2,235 ",$425," 1,986 ",$420," 2,312 ",$435," 2,046 ",$430," 2,259 ",$440," 1,885 ",$440," 2,318 ",$450," 1,910 ",$450," 2,043 ",$435," 1,914 ",$460," 2,215 ",$460," 1,874 ",$460," 2,119 ",$460," 1,824 ",$470," 2,044 ",$475," 1,889 ",$470," 1,948 ",$460," 1,816 ",$475," 2,001 ",$480," 1,904 ",$450," 1,761 ",$440
,Stonnington," 1,314 ",$200," 1,369 ",$210," 1,341 ",$210," 1,825 ",$220," 1,341 ",$230," 1,550 ",$230," 1,343 ",$230," 1,766 ",$230," 1,369 ",$240," 1,486 ",$240," 1,430 ",$240," 1,964 ",$240," 1,357 ",$250," 1,573 ",$250," 1,392 ",$250," 1,984 ",$248," 1,337 ",$250," 1,594 ",$250," 1,429 ",$250," 2,046 ",$250," 1,193 ",$250," 1,538 ",$250," 1,378 ",$260," 1,890 ",$250," 1,353 ",$255," 1,461 ",$255," 1,203 ",$260," 1,623 ",$260, 851 ,$280," 1,313 ",$270," 1,172 ",$280," 1,469 ",$280," 1,158 ",$305," 1,155 ",$310," 1,241 ",$320," 1,711 ",$330," 1,353 ",$350," 1,267 ",$350," 1,294 ",$350," 1,551 ",$350," 1,197 ",$350," 1,458 ",$360," 1,350 ",$375," 1,813 ",$360," 1,447 ",$375," 1,643 ",$380," 1,451 ",$385," 1,946 ",$370," 1,432 ",$390," 1,728 ",$400," 1,567 ",$400," 2,136 ",$390," 1,804 ",$400," 1,869 ",$395," 1,799 ",$400," 2,528 ",$390," 1,805 ",$400," 2,236 ",$390," 2,052 ",$400," 2,666 ",$390," 1,957 ",$400," 2,032 ",$400," 2,031 ",$415," 2,782 ",$395," 1,903 ",$410," 2,344 ",$420," 2,189 ",$420," 3,064 ",$405," 1,945 ",$425," 2,322 ",$430," 2,005 ",$435," 2,874 ",$415," 1,934 ",$450," 2,292 ",$450," 2,076 ",$460," 2,715 ",$440," 1,850 ",$470," 2,252 ",$450," 1,984 ",$466," 2,882 ",$450," 1,925 ",$480," 2,331 ",$475," 2,062 ",$480," 2,819 ",$450," 1,851 ",$450," 1,890 ",$440
,Group Total," 8,959 ",$169," 9,703 ",$170," 9,349 ",$175," 10,528 ",$175," 9,203 ",$175," 10,194 ",$180," 9,268 ",$185," 10,690 ",$190," 9,231 ",$185," 10,104 ",$190," 9,556 ",$190," 11,118 ",$200," 9,475 ",$198," 10,453 ",$200," 9,755 ",$200," 11,535 ",$200," 9,708 ",$200," 10,834 ",$205," 9,982 ",$205," 11,816 ",$215," 8,675 ",$210," 10,551 ",$210," 10,042 ",$220," 11,133 ",$220," 9,806 ",$220," 10,513 ",$220," 9,061 ",$225," 10,024 ",$230," 8,268 ",$230," 9,499 ",$236," 8,476 ",$240," 10,099 ",$250," 8,752 ",$257," 9,233 ",$265," 8,870 ",$275," 10,620 ",$280," 9,604 ",$290," 9,803 ",$300," 9,355 ",$300," 9,962 ",$301," 9,395 ",$300," 10,517 ",$310," 9,808 ",$320," 10,722 ",$325," 10,012 ",$330," 10,996 ",$330," 10,260 ",$340," 11,357 ",$340," 10,279 ",$340," 11,998 ",$345," 10,998 ",$350," 12,652 ",$350," 11,369 ",$350," 12,685 ",$350," 12,203 ",$350," 13,688 ",$350," 12,097 ",$350," 13,168 ",$350," 12,704 ",$355," 13,991 ",$360," 12,201 ",$354," 13,296 ",$360," 12,853 ",$360," 14,089 ",$360," 12,778 ",$365," 14,028 ",$370," 13,093 ",$380," 14,808 ",$380," 12,783 ",$380," 14,696 ",$385," 13,041 ",$390," 14,977 ",$395," 12,911 ",$395," 14,209 ",$395," 13,497 ",$400," 15,070 ",$400," 12,813 ",$400," 14,460 ",$400," 13,392 ",$410," 15,211 ",$415," 13,049 ",$410," 14,295 ",$410," 13,635 ",$410," 15,346 ",$420," 12,091 ",$400," 10,962 ",$410
Table Total,Victoria," 31,033 ",$160," 32,385 ",$160," 32,254 ",$165," 38,248 ",$170," 31,387 ",$170," 34,329 ",$170," 31,473 ",$175," 37,581 ",$180," 30,894 ",$180," 33,014 ",$180," 31,875 ",$180," 38,138 ",$190," 31,758 ",$185," 34,163 ",$190," 32,518 ",$190," 40,719 ",$200," 32,984 ",$194," 35,750 ",$195," 34,255 ",$200," 42,130 ",$205," 29,864 ",$200," 35,874 ",$200," 34,173 ",$205," 40,731 ",$210," 34,478 ",$210," 36,980 ",$210," 32,318 ",$220," 38,671 ",$220," 30,947 ",$220," 33,658 ",$225," 30,840 ",$230," 39,066 ",$240," 31,484 ",$240," 33,102 ",$250," 31,632 ",$255," 39,686 ",$260," 35,330 ",$270," 35,063 ",$280," 34,093 ",$285," 39,758 ",$290," 34,648 ",$290," 37,912 ",$300," 36,200 ",$300," 42,809 ",$310," 36,781 ",$310," 40,199 ",$315," 38,905 ",$320," 45,846 ",$321," 37,966 ",$320," 44,240 ",$325," 41,078 ",$330," 51,237 ",$330," 42,314 ",$330," 46,450 ",$330," 44,100 ",$330," 53,553 ",$335," 45,253 ",$330," 48,539 ",$331," 45,533 ",$340," 55,543 ",$350," 45,138 ",$340," 50,181 ",$350," 47,767 ",$350," 57,743 ",$350," 47,683 ",$350," 52,887 ",$350," 50,833 ",$350," 60,995 ",$360," 49,224 ",$360," 56,819 ",$365," 50,533 ",$370," 62,007 ",$380," 49,547 ",$380," 54,416 ",$380," 51,519 ",$385," 61,348 ",$395," 48,757 ",$390," 54,930 ",$400," 49,906 ",$400," 60,744 ",$400," 48,734 ",$400," 55,244 ",$400," 51,788 ",$400," 63,069 ",$410," 47,351 ",$390," 45,358 ",$390
,,,,,,,,,,,,,,,,,,,,,,,,,,,,,,,,,,,,,,,,,,,,,,,,,,,,,,,,,,,,,,,,,,,,,,,,,,,,,,,,,,,,,,,,,,,,,,,,,,,,,,,,,,,,,,,,,,,,,,,,,,,,,,,,,,,,,,,,,,,,,,,,,,,,,,,,,,,,,,,,,,,,,,,,,,,,,
METRO NON-METRO,Metro," 22,849 ",$170," 24,284 ",$175," 24,027 ",$180," 28,442 ",$180," 23,581 ",$180," 25,980 ",$185," 23,786 ",$185," 28,689 ",$195," 23,602 ",$190," 25,280 ",$195," 24,320 ",$200," 29,495 ",$205," 24,208 ",$200," 26,375 ",$200," 24,865 ",$205," 31,605 ",$210," 25,134 ",$210," 27,558 ",$210," 25,916 ",$210," 32,818 ",$220," 22,721 ",$215," 27,539 ",$220," 25,938 ",$220," 31,429 ",$230," 26,245 ",$225," 28,349 ",$226," 24,396 ",$230," 29,364 ",$239," 23,268 ",$240," 25,485 ",$240," 23,125 ",$250," 29,566 ",$260," 23,489 ",$260," 24,765 ",$270," 23,461 ",$280," 29,630 ",$290," 26,268 ",$300," 26,331 ",$300," 25,420 ",$310," 30,086 ",$317," 25,847 ",$315," 28,961 ",$320," 27,408 ",$320," 33,134 ",$330," 28,001 ",$330," 31,080 ",$340," 29,837 ",$340," 35,775 ",$350," 29,017 ",$340," 34,379 ",$350," 31,750 ",$350," 40,465 ",$350," 32,587 ",$350," 36,405 ",$350," 34,187 ",$350," 42,509 ",$350," 35,101 ",$350," 38,025 ",$350," 35,410 ",$360," 44,221 ",$360," 35,025 ",$360," 39,735 ",$360," 37,291 ",$365," 46,511 ",$370," 37,130 ",$370," 41,880 ",$370," 39,947 ",$380," 49,326 ",$380," 38,508 ",$380," 45,544 ",$385," 40,091 ",$390," 50,320 ",$400," 39,060 ",$400," 43,815 ",$400," 41,144 ",$400," 50,121 ",$410," 39,001 ",$410," 44,748 ",$410," 40,349 ",$418," 50,364 ",$420," 39,175 ",$420," 45,157 ",$419," 41,795 ",$420," 52,335 ",$425," 37,868 ",$400," 36,346 ",$400
,Non-Metro," 8,184 ",$125," 8,101 ",$130," 8,227 ",$130," 9,806 ",$130," 7,806 ",$130," 8,349 ",$135," 7,687 ",$133," 8,892 ",$135," 7,292 ",$135," 7,734 ",$140," 7,555 ",$140," 8,643 ",$140," 7,550 ",$145," 7,788 ",$150," 7,653 ",$150," 9,114 ",$150," 7,850 ",$155," 8,192 ",$160," 8,339 ",$160," 9,312 ",$160," 7,143 ",$165," 8,335 ",$165," 8,235 ",$170," 9,302 ",$170," 8,233 ",$170," 8,631 ",$170," 7,922 ",$175," 9,307 ",$180," 7,679 ",$180," 8,173 ",$180," 7,715 ",$185," 9,500 ",$185," 7,995 ",$190," 8,337 ",$190," 8,171 ",$195," 10,056 ",$200," 9,062 ",$200," 8,732 ",$200," 8,673 ",$210," 9,672 ",$210," 8,801 ",$210," 8,951 ",$220," 8,792 ",$220," 9,675 ",$230," 8,780 ",$230," 9,119 ",$231," 9,068 ",$240," 10,071 ",$250," 8,949 ",$250," 9,861 ",$250," 9,328 ",$260," 10,772 ",$260," 9,727 ",$255," 10,045 ",$255," 9,913 ",$260," 11,044 ",$260," 10,152 ",$260," 10,514 ",$260," 10,123 ",$265," 11,322 ",$270," 10,113 ",$270," 10,446 ",$270," 10,476 ",$270," 11,232 ",$275," 10,553 ",$270," 11,007 ",$270," 10,886 ",$280," 11,669 ",$280," 10,716 ",$280," 11,275 ",$280," 10,442 ",$285," 11,687 ",$290," 10,487 ",$285," 10,601 ",$290," 10,375 ",$290," 11,227 ",$300," 9,756 ",$300," 10,182 ",$300," 9,557 ",$310," 10,380 ",$320," 9,559 ",$320," 10,087 ",$320," 9,993 ",$330," 10,734 ",$335," 9,483 ",$330," 9,012 ",$340
,Victoria," 31,033 ",$160," 32,385 ",$160," 32,254 ",$165," 38,248 ",$170," 31,387 ",$170," 34,329 ",$170," 31,473 ",$175," 37,581 ",$180," 30,894 ",$180," 33,014 ",$180," 31,875 ",$180," 38,138 ",$190," 31,758 ",$185," 34,163 ",$190," 32,518 ",$190," 40,719 ",$200," 32,984 ",$194," 35,750 ",$195," 34,255 ",$200," 42,130 ",$205," 29,864 ",$200," 35,874 ",$200," 34,173 ",$205," 40,731 ",$210," 34,478 ",$210," 36,980 ",$210," 32,318 ",$220," 38,671 ",$220," 30,947 ",$220," 33,658 ",$225," 30,840 ",$230," 39,066 ",$240," 31,484 ",$240," 33,102 ",$250," 31,632 ",$255," 39,686 ",$260," 35,330 ",$270," 35,063 ",$280," 34,093 ",$285," 39,758 ",$290," 34,648 ",$290," 37,912 ",$300," 36,200 ",$300," 42,809 ",$310," 36,781 ",$310," 40,199 ",$315," 38,905 ",$320," 45,846 ",$321," 37,966 ",$320," 44,240 ",$325," 41,078 ",$330," 51,237 ",$330," 42,314 ",$330," 46,450 ",$330," 44,100 ",$330," 53,553 ",$335," 45,253 ",$330," 48,539 ",$331," 45,533 ",$340," 55,543 ",$350," 45,138 ",$340," 50,181 ",$350," 47,767 ",$350," 57,743 ",$350," 47,683 ",$350," 52,887 ",$350," 50,833 ",$350," 60,995 ",$360," 49,224 ",$360," 56,819 ",$365," 50,533 ",$370," 62,007 ",$380," 49,547 ",$380," 54,416 ",$380," 51,519 ",$385," 61,348 ",$395," 48,757 ",$390," 54,930 ",$400," 49,906 ",$400," 60,744 ",$400," 48,734 ",$400," 55,244 ",$400," 51,788 ",$400," 63,069 ",$410," 47,351 ",$390," 45,358 ",$390
