Year,LGA,index,Count,Median House Price
1999,Alpine,237,0,0
1999,Ararat,240,0,0
1999,Ballarat,243,244,240
1999,Banyule,246,89,375
1999,Bass Coast,249,5,90
1999,Baw Baw,252,36,226
1999,Bayside,255,67,429
1999,Benalla,258,23,230
1999,Boroondara,261,543,428
1999,Brimbank,264,194,270
1999,Buloke,267,0,0
1999,Campaspe,270,48,258
1999,Cardinia,273,5,110
1999,Casey,276,20,203
1999,Central Goldfields,279,12,155
1999,Colac-Otway,282,19,223
1999,Corangamite,285,5,60
1999,Darebin,288,752,325
1999,East Gippsland,291,38,250
1999,Frankston,294,135,290
1999,Gannawarra,297,6,83
1999,Glen Eira,300,1023,380
1999,Glenelg,303,20,135
1999,Golden Plains,306,0,0
1999,Greater Bendigo,309,134,260
1999,Greater Dandenong,312,296,299
1999,Greater Geelong,315,607,240
1999,Greater Shepparton,318,117,255
1999,Hepburn,321,0,0
1999,Hindmarsh,324,0,0
1999,Hobsons Bay,327,147,300
1999,Horsham,330,27,195
1999,Hume,333,38,320
1999,Indigo,336,0,0
1999,Kingston,339,310,330
1999,Knox,342,46,340
1999,Latrobe,345,182,200
1999,Loddon,348,0,0
1999,Macedon Ranges,351,18,258
1999,Manningham,354,38,375
1999,Mansfield,357,0,0
1999,Maribyrnong,360,364,285
1999,Maroondah,363,62,350
1999,Melbourne,366,1145,574
1999,Melton,369,0,0
1999,Mildura,372,63,235
1999,Mitchell,375,15,173
1999,Moira,378,36,222
1999,Monash,381,53,410
1999,Moonee Valley,384,482,350
1999,Moorabool,387,18,240
1999,Moreland,390,659,335
1999,Mornington Penin'a,393,71,288
1999,Mount Alexander,396,0,0
1999,Moyne,399,0,0
1999,Murrindindi,402,0,0
1999,Nillumbik,405,12,225
1999,Northern Grampians,408,12,150
1999,Port Phillip,411,2210,475
1999,Pyrenees,414,0,0
1999,Queenscliffe,417,0,0
1999,South Gippsland,420,16,140
1999,Southern Grampians,423,26,203
1999,Stonnington,426,1314,465
1999,Strathbogie,429,0,0
1999,Surf Coast,432,28,292
1999,Swan Hill,435,71,235
1999,Towong,438,0,0
1999,Wangaratta,441,36,253
1999,Warrnambool,444,78,225
1999,Wellington,447,83,215
1999,West Wimmera,450,0,0
1999,Whitehorse,453,155,380
1999,Whittlesea,456,5,125
1999,Wodonga,459,54,263
1999,Wyndham,462,6,95
1999,Yarra,465,843,415
1999,Yarra Ranges,468,108,348
1999,Yarriambiack,471,0,0
2000,Alpine,1422,0,0
2000,Ararat,1426,19,223
2000,Ballarat,1430,403,330
2000,Banyule,1434,144,530
2000,Bass Coast,1438,5,85
2000,Baw Baw,1442,39,313
2000,Bayside,1446,88,565
2000,Benalla,1450,24,240
2000,Boroondara,1454,766,595
2000,Brimbank,1458,250,375
2000,Buloke,1462,0,0
2000,Campaspe,1466,68,350
2000,Cardinia,1470,0,0
2000,Casey,1474,28,375
2000,Central Goldfields,1478,13,168
2000,Colac-Otway,1482,34,318
2000,Corangamite,1486,7,55
2000,Darebin,1490,1025,460
2000,East Gippsland,1494,47,318
2000,Frankston,1498,202,390
2000,Gannawarra,1502,0,0
2000,Glen Eira,1506,1504,535
2000,Glenelg,1510,35,299
2000,Golden Plains,1514,0,0
2000,Greater Bendigo,1518,194,355
2000,Greater Dandenong,1522,381,405
2000,Greater Geelong,1526,829,340
2000,Greater Shepparton,1530,165,345
2000,Hepburn,1534,0,0
2000,Hindmarsh,1538,0,0
2000,Hobsons Bay,1542,236,435
2000,Horsham,1546,35,260
2000,Hume,1550,63,448
2000,Indigo,1554,11,153
2000,Kingston,1558,437,475
2000,Knox,1562,62,470
2000,Latrobe,1566,242,275
2000,Loddon,1570,0,0
2000,Macedon Ranges,1574,23,285
2000,Manningham,1578,66,525
2000,Mansfield,1582,0,0
2000,Maribyrnong,1586,453,385
2000,Maroondah,1590,85,484
2000,Melbourne,1594,1983,855
2000,Melton,1598,0,0
2000,Mildura,1602,84,335
2000,Mitchell,1606,35,341
2000,Moira,1610,41,310
2000,Monash,1614,89,544
2000,Moonee Valley,1618,696,490
2000,Moorabool,1622,21,258
2000,Moreland,1626,949,480
2000,Mornington Penin'a,1630,76,365
2000,Mount Alexander,1634,10,195
2000,Moyne,1638,0,0
2000,Murrindindi,1642,0,0
2000,Nillumbik,1646,11,225
2000,Northern Grampians,1650,27,230
2000,Port Phillip,1654,3165,675
2000,Pyrenees,1658,0,0
2000,Queenscliffe,1662,0,0
2000,South Gippsland,1666,25,298
2000,Southern Grampians,1670,44,288
2000,Stonnington,1674,1915,668
2000,Strathbogie,1678,6,75
2000,Surf Coast,1682,34,411
2000,Swan Hill,1686,87,315
2000,Towong,1690,0,0
2000,Wangaratta,1694,46,340
2000,Warrnambool,1698,103,310
2000,Wellington,1702,108,290
2000,West Wimmera,1706,0,0
2000,Whitehorse,1710,265,542
2000,Whittlesea,1714,29,293
2000,Wodonga,1718,84,343
2000,Wyndham,1722,20,328
2000,Yarra,1726,1235,590
2000,Yarra Ranges,1730,154,458
2000,Yarriambiack,1734,0,0
2001,Alpine,2686,0,0
2001,Ararat,2690,16,155
2001,Ballarat,2694,356,345
2001,Banyule,2698,126,563
2001,Bass Coast,2702,0,0
2001,Baw Baw,2706,34,358
2001,Bayside,2710,63,611
2001,Benalla,2714,26,253
2001,Boroondara,2718,754,635
2001,Brimbank,2722,250,400
2001,Buloke,2726,0,0
2001,Campaspe,2730,51,378
2001,Cardinia,2734,10,230
2001,Casey,2738,40,531
2001,Central Goldfields,2742,18,232
2001,Colac-Otway,2746,26,355
2001,Corangamite,2750,0,0
2001,Darebin,2754,1078,495
2001,East Gippsland,2758,40,340
2001,Frankston,2762,190,420
2001,Gannawarra,2766,12,175
2001,Glen Eira,2770,1379,555
2001,Glenelg,2774,29,338
2001,Golden Plains,2778,0,0
2001,Greater Bendigo,2782,171,358
2001,Greater Dandenong,2786,401,420
2001,Greater Geelong,2790,825,360
2001,Greater Shepparton,2794,168,350
2001,Hepburn,2798,6,98
2001,Hindmarsh,2802,0,0
2001,Hobsons Bay,2806,207,473
2001,Horsham,2810,35,285
2001,Hume,2814,61,480
2001,Indigo,2818,0,0
2001,Kingston,2822,373,485
2001,Knox,2826,51,478
2001,Latrobe,2830,278,270
2001,Loddon,2834,0,0
2001,Macedon Ranges,2838,25,256
2001,Manningham,2842,57,580
2001,Mansfield,2846,0,0
2001,Maribyrnong,2850,438,410
2001,Maroondah,2854,94,505
2001,Melbourne,2858,2358,945
2001,Melton,2862,0,0
2001,Mildura,2866,87,343
2001,Mitchell,2870,31,358
2001,Moira,2874,56,340
2001,Monash,2878,87,571
2001,Moonee Valley,2882,642,515
2001,Moorabool,2886,26,288
2001,Moreland,2890,846,508
2001,Mornington Penin'a,2894,74,420
2001,Mount Alexander,2898,13,180
2001,Moyne,2902,0,0
2001,Murrindindi,2906,0,0
2001,Nillumbik,2910,14,248
2001,Northern Grampians,2914,35,302
2001,Port Phillip,2918,3363,740
2001,Pyrenees,2922,0,0
2001,Queenscliffe,2926,0,0
2001,South Gippsland,2930,24,245
2001,Southern Grampians,2934,56,291
2001,Stonnington,2938,1955,690
2001,Strathbogie,2942,0,0
2001,Surf Coast,2946,34,430
2001,Swan Hill,2950,75,320
2001,Towong,2954,0,0
2001,Wangaratta,2958,39,353
2001,Warrnambool,2962,104,325
2001,Wellington,2966,116,298
2001,West Wimmera,2970,0,0
2001,Whitehorse,2974,203,537
2001,Whittlesea,2978,12,200
2001,Wodonga,2982,75,353
2001,Wyndham,2986,20,368
2001,Yarra,2990,1283,655
2001,Yarra Ranges,2994,165,478
2001,Yarriambiack,2998,0,0
2002,Alpine,2844,0,0
2002,Ararat,2847,11,163
2002,Ballarat,2850,244,265
2002,Banyule,2853,106,448
2002,Bass Coast,2856,7,120
2002,Baw Baw,2859,28,265
2002,Bayside,2862,63,455
2002,Benalla,2865,21,255
2002,Boroondara,2868,597,500
2002,Brimbank,2871,180,320
2002,Buloke,2874,0,0
2002,Campaspe,2877,41,280
2002,Cardinia,2880,0,0
2002,Casey,2883,39,473
2002,Central Goldfields,2886,12,160
2002,Colac-Otway,2889,14,190
2002,Corangamite,2892,7,80
2002,Darebin,2895,783,395
2002,East Gippsland,2898,29,265
2002,Frankston,2901,135,325
2002,Gannawarra,2904,6,93
2002,Glen Eira,2907,1093,435
2002,Glenelg,2910,24,263
2002,Golden Plains,2913,0,0
2002,Greater Bendigo,2916,132,290
2002,Greater Dandenong,2919,276,327
2002,Greater Geelong,2922,572,275
2002,Greater Shepparton,2925,89,275
2002,Hepburn,2928,0,0
2002,Hindmarsh,2931,0,0
2002,Hobsons Bay,2934,162,380
2002,Horsham,2937,23,220
2002,Hume,2940,46,356
2002,Indigo,2943,0,0
2002,Kingston,2946,309,390
2002,Knox,2949,48,358
2002,Latrobe,2952,209,210
2002,Loddon,2955,0,0
2002,Macedon Ranges,2958,23,323
2002,Manningham,2961,40,455
2002,Mansfield,2964,0,0
2002,Maribyrnong,2967,323,340
2002,Maroondah,2970,62,393
2002,Melbourne,2973,1978,735
2002,Melton,2976,0,0
2002,Mildura,2979,55,278
2002,Mitchell,2982,26,265
2002,Moira,2985,36,253
2002,Monash,2988,80,428
2002,Moonee Valley,2991,549,415
2002,Moorabool,2994,11,175
2002,Moreland,2997,692,394
2002,Mornington Penin'a,3000,57,328
2002,Mount Alexander,3003,0,0
2002,Moyne,3006,0,0
2002,Murrindindi,3009,0,0
2002,Nillumbik,3012,21,425
2002,Northern Grampians,3015,26,248
2002,Port Phillip,3018,2696,585
2002,Pyrenees,3021,0,0
2002,Queenscliffe,3024,0,0
2002,South Gippsland,3027,11,163
2002,Southern Grampians,3030,43,230
2002,Stonnington,3033,1664,540
2002,Strathbogie,3036,5,85
2002,Surf Coast,3039,28,370
2002,Swan Hill,3042,56,265
2002,Towong,3045,0,0
2002,Wangaratta,3048,35,276
2002,Warrnambool,3051,69,265
2002,Wellington,3054,93,240
2002,West Wimmera,3057,0,0
2002,Whitehorse,3060,178,425
2002,Whittlesea,3063,13,213
2002,Wodonga,3066,37,273
2002,Wyndham,3069,15,250
2002,Yarra,3072,1071,510
2002,Yarra Ranges,3075,130,370
2002,Yarriambiack,3078,0,0
2003,Alpine,6320,0,0
2003,Ararat,6325,11,160
2003,Ballarat,6330,401,478
2003,Banyule,6335,171,790
2003,Bass Coast,6340,6,115
2003,Baw Baw,6345,33,368
2003,Bayside,6350,81,828
2003,Benalla,6355,22,405
2003,Boroondara,6360,989,845
2003,Brimbank,6365,299,545
2003,Buloke,6370,0,0
2003,Campaspe,6375,100,453
2003,Cardinia,6380,5,115
2003,Casey,6385,50,618
2003,Central Goldfields,6390,10,175
2003,Colac-Otway,6395,41,553
2003,Corangamite,6400,0,0
2003,Darebin,6405,1265,690
2003,East Gippsland,6410,59,496
2003,Frankston,6415,223,560
2003,Gannawarra,6420,6,88
2003,Glen Eira,6425,1787,750
2003,Glenelg,6430,30,468
2003,Golden Plains,6435,0,0
2003,Greater Bendigo,6440,181,505
2003,Greater Dandenong,6445,410,555
2003,Greater Geelong,6450,889,480
2003,Greater Shepparton,6455,185,465
2003,Hepburn,6460,11,205
2003,Hindmarsh,6465,0,0
2003,Hobsons Bay,6470,259,631
2003,Horsham,6475,46,378
2003,Hume,6480,75,615
2003,Indigo,6485,10,185
2003,Kingston,6490,460,673
2003,Knox,6495,71,663
2003,Latrobe,6500,314,365
2003,Loddon,6505,0,0
2003,Macedon Ranges,6510,32,408
2003,Manningham,6515,74,753
2003,Mansfield,6520,0,0
2003,Maribyrnong,6525,555,585
2003,Maroondah,6530,107,651
2003,Melbourne,6535,3826,1245
2003,Melton,6540,0,0
2003,Mildura,6545,105,473
2003,Mitchell,6550,41,455
2003,Moira,6555,42,428
2003,Monash,6560,121,758
2003,Moonee Valley,6565,799,708
2003,Moorabool,6570,11,180
2003,Moreland,6575,1163,695
2003,Mornington Penin'a,6580,62,593
2003,Mount Alexander,6585,5,110
2003,Moyne,6590,0,0
2003,Murrindindi,6595,0,0
2003,Nillumbik,6600,22,461
2003,Northern Grampians,6605,37,423
2003,Port Phillip,6610,4346,991
2003,Pyrenees,6615,0,0
2003,Queenscliffe,6620,0,0
2003,South Gippsland,6625,25,290
2003,Southern Grampians,6630,77,400
2003,Stonnington,6635,2649,925
2003,Strathbogie,6640,6,75
2003,Surf Coast,6645,21,350
2003,Swan Hill,6650,100,440
2003,Towong,6655,0,0
2003,Wangaratta,6660,49,355
2003,Warrnambool,6665,121,485
2003,Wellington,6670,122,440
2003,West Wimmera,6675,0,0
2003,Whitehorse,6680,231,734
2003,Whittlesea,6685,5,130
2003,Wodonga,6690,81,480
2003,Wyndham,6695,21,445
2003,Yarra,6700,1595,883
2003,Yarra Ranges,6705,185,633
2003,Yarriambiack,6710,0,0
2004,Alpine,6478,6,90
2004,Ararat,6482,7,80
2004,Ballarat,6486,312,390
2004,Banyule,6490,159,673
2004,Bass Coast,6494,5,100
2004,Baw Baw,6498,33,418
2004,Bayside,6502,96,700
2004,Benalla,6506,7,100
2004,Boroondara,6510,811,720
2004,Brimbank,6514,245,455
2004,Buloke,6518,0,0
2004,Campaspe,6522,80,357
2004,Cardinia,6526,6,138
2004,Casey,6530,16,370
2004,Central Goldfields,6534,11,183
2004,Colac-Otway,6538,33,435
2004,Corangamite,6542,0,0
2004,Darebin,6546,1070,587
2004,East Gippsland,6550,48,397
2004,Frankston,6554,177,465
2004,Gannawarra,6558,0,0
2004,Glen Eira,6562,1443,635
2004,Glenelg,6566,14,200
2004,Golden Plains,6570,0,0
2004,Greater Bendigo,6574,159,444
2004,Greater Dandenong,6578,335,475
2004,Greater Geelong,6582,679,410
2004,Greater Shepparton,6586,135,393
2004,Hepburn,6590,5,120
2004,Hindmarsh,6594,0,0
2004,Hobsons Bay,6598,197,526
2004,Horsham,6602,19,221
2004,Hume,6606,58,514
2004,Indigo,6610,5,100
2004,Kingston,6614,341,565
2004,Knox,6618,69,531
2004,Latrobe,6622,274,305
2004,Loddon,6626,0,0
2004,Macedon Ranges,6630,25,320
2004,Manningham,6634,63,621
2004,Mansfield,6638,0,0
2004,Maribyrnong,6642,472,495
2004,Maroondah,6646,72,526
2004,Melbourne,6650,4037,1024
2004,Melton,6654,0,0
2004,Mildura,6658,95,401
2004,Mitchell,6662,27,379
2004,Moira,6666,72,330
2004,Monash,6670,152,596
2004,Moonee Valley,6674,633,595
2004,Moorabool,6678,15,210
2004,Moreland,6682,926,582
2004,Mornington Penin'a,6686,56,448
2004,Mount Alexander,6690,0,0
2004,Moyne,6694,0,0
2004,Murrindindi,6698,0,0
2004,Nillumbik,6702,11,265
2004,Northern Grampians,6706,15,170
2004,Port Phillip,6710,3523,841
2004,Pyrenees,6714,0,0
2004,Queenscliffe,6718,0,0
2004,South Gippsland,6722,20,340
2004,Southern Grampians,6726,28,268
2004,Stonnington,6730,2187,775
2004,Strathbogie,6734,0,0
2004,Surf Coast,6738,21,396
2004,Swan Hill,6742,77,368
2004,Towong,6746,0,0
2004,Wangaratta,6750,23,310
2004,Warrnambool,6754,75,393
2004,Wellington,6758,100,378
2004,West Wimmera,6762,0,0
2004,Whitehorse,6766,190,621
2004,Whittlesea,6770,25,433
2004,Wodonga,6774,55,394
2004,Wyndham,6778,20,358
2004,Yarra,6782,1311,728
2004,Yarra Ranges,6786,166,523
2004,Yarriambiack,6790,0,0
2005,Alpine,7742,19,290
2005,Ararat,7746,0,0
2005,Ballarat,7750,274,410
2005,Banyule,7754,159,678
2005,Bass Coast,7758,6,105
2005,Baw Baw,7762,36,410
2005,Bayside,7766,104,780
2005,Benalla,7770,11,230
2005,Boroondara,7774,884,760
2005,Brimbank,7778,220,465
2005,Buloke,7782,0,0
2005,Campaspe,7786,67,375
2005,Cardinia,7790,0,0
2005,Casey,7794,30,548
2005,Central Goldfields,7798,11,205
2005,Colac-Otway,7802,41,470
2005,Corangamite,7806,0,0
2005,Darebin,7810,1131,605
2005,East Gippsland,7814,45,440
2005,Frankston,7818,175,475
2005,Gannawarra,7822,0,0
2005,Glen Eira,7826,1391,660
2005,Glenelg,7830,30,390
2005,Golden Plains,7834,0,0
2005,Greater Bendigo,7838,156,450
2005,Greater Dandenong,7842,358,490
2005,Greater Geelong,7846,682,420
2005,Greater Shepparton,7850,136,405
2005,Hepburn,7854,5,120
2005,Hindmarsh,7858,0,0
2005,Hobsons Bay,7862,207,553
2005,Horsham,7866,12,163
2005,Hume,7870,71,530
2005,Indigo,7874,0,0
2005,Kingston,7878,348,585
2005,Knox,7882,53,573
2005,Latrobe,7886,219,305
2005,Loddon,7890,0,0
2005,Macedon Ranges,7894,40,440
2005,Manningham,7898,54,643
2005,Mansfield,7902,0,0
2005,Maribyrnong,7906,420,518
2005,Maroondah,7910,72,563
2005,Melbourne,7914,5196,1069
2005,Melton,7918,0,0
2005,Mildura,7922,91,401
2005,Mitchell,7926,29,290
2005,Moira,7930,67,360
2005,Monash,7934,206,651
2005,Moonee Valley,7938,702,615
2005,Moorabool,7942,5,90
2005,Moreland,7946,963,600
2005,Mornington Penin'a,7950,53,468
2005,Mount Alexander,7954,5,125
2005,Moyne,7958,0,0
2005,Murrindindi,7962,0,0
2005,Nillumbik,7966,16,490
2005,Northern Grampians,7970,27,349
2005,Port Phillip,7974,3604,875
2005,Pyrenees,7978,0,0
2005,Queenscliffe,7982,0,0
2005,South Gippsland,7986,18,323
2005,Southern Grampians,7990,32,377
2005,Stonnington,7994,2156,787
2005,Strathbogie,7998,0,0
2005,Surf Coast,8002,18,443
2005,Swan Hill,8006,84,378
2005,Towong,8010,0,0
2005,Wangaratta,8014,44,470
2005,Warrnambool,8018,82,398
2005,Wellington,8022,98,400
2005,West Wimmera,8026,0,0
2005,Whitehorse,8030,163,658
2005,Whittlesea,8034,22,458
2005,Wodonga,8038,52,443
2005,Wyndham,8042,23,398
2005,Yarra,8046,1341,755
2005,Yarra Ranges,8050,139,545
2005,Yarriambiack,8054,0,0
2006,Alpine,9006,0,0
2006,Ararat,9010,8,90
2006,Ballarat,9014,285,433
2006,Banyule,9018,151,720
2006,Bass Coast,9022,0,0
2006,Baw Baw,9026,41,438
2006,Bayside,9030,122,888
2006,Benalla,9034,0,0
2006,Boroondara,9038,947,780
2006,Brimbank,9042,207,485
2006,Buloke,9046,0,0
2006,Campaspe,9050,52,388
2006,Cardinia,9054,6,130
2006,Casey,9058,30,576
2006,Central Goldfields,9062,11,200
2006,Colac-Otway,9066,29,375
2006,Corangamite,9070,0,0
2006,Darebin,9074,1107,644
2006,East Gippsland,9078,40,430
2006,Frankston,9082,176,545
2006,Gannawarra,9086,7,87
2006,Glen Eira,9090,1475,713
2006,Glenelg,9094,17,205
2006,Golden Plains,9098,0,0
2006,Greater Bendigo,9102,162,470
2006,Greater Dandenong,9106,301,520
2006,Greater Geelong,9110,626,450
2006,Greater Shepparton,9114,129,450
2006,Hepburn,9118,0,0
2006,Hindmarsh,9122,0,0
2006,Hobsons Bay,9126,183,588
2006,Horsham,9130,19,256
2006,Hume,9134,68,568
2006,Indigo,9138,11,223
2006,Kingston,9142,329,627
2006,Knox,9146,63,588
2006,Latrobe,9150,220,320
2006,Loddon,9154,0,0
2006,Macedon Ranges,9158,32,478
2006,Manningham,9162,55,748
2006,Mansfield,9166,0,0
2006,Maribyrnong,9170,412,538
2006,Maroondah,9174,76,690
2006,Melbourne,9178,5762,1100
2006,Melton,9182,0,0
2006,Mildura,9186,68,392
2006,Mitchell,9190,44,396
2006,Moira,9194,53,345
2006,Monash,9198,166,783
2006,Moonee Valley,9202,607,662
2006,Moorabool,9206,6,95
2006,Moreland,9210,804,620
2006,Mornington Penin'a,9214,56,540
2006,Mount Alexander,9218,5,130
2006,Moyne,9222,0,0
2006,Murrindindi,9226,0,0
2006,Nillumbik,9230,26,635
2006,Northern Grampians,9234,5,92
2006,Port Phillip,9238,3218,943
2006,Pyrenees,9242,0,0
2006,Queenscliffe,9246,0,0
2006,South Gippsland,9250,10,235
2006,Southern Grampians,9254,44,451
2006,Stonnington,9258,1818,820
2006,Strathbogie,9262,0,0
2006,Surf Coast,9266,17,298
2006,Swan Hill,9270,79,390
2006,Towong,9274,0,0
2006,Wangaratta,9278,40,473
2006,Warrnambool,9282,84,463
2006,Wellington,9286,93,410
2006,West Wimmera,9290,0,0
2006,Whitehorse,9294,183,685
2006,Whittlesea,9298,30,675
2006,Wodonga,9302,49,485
2006,Wyndham,9306,25,408
2006,Yarra,9310,1212,800
2006,Yarra Ranges,9314,126,555
2006,Yarriambiack,9318,0,0
2007,Alpine,10270,0,0
2007,Ararat,10274,5,85
2007,Ballarat,10278,286,450
2007,Banyule,10282,279,740
2007,Bass Coast,10286,0,0
2007,Baw Baw,10290,31,447
2007,Bayside,10294,127,990
2007,Benalla,10298,22,360
2007,Boroondara,10302,1080,820
2007,Brimbank,10306,271,623
2007,Buloke,10310,0,0
2007,Campaspe,10314,54,468
2007,Cardinia,10318,5,180
2007,Casey,10322,42,668
2007,Central Goldfields,10326,5,90
2007,Colac-Otway,10330,34,546
2007,Corangamite,10334,0,0
2007,Darebin,10338,1060,733
2007,East Gippsland,10342,40,476
2007,Frankston,10346,172,576
2007,Gannawarra,10350,0,0
2007,Glen Eira,10354,1364,775
2007,Glenelg,10358,19,345
2007,Golden Plains,10362,0,0
2007,Greater Bendigo,10366,154,493
2007,Greater Dandenong,10370,257,575
2007,Greater Geelong,10374,602,490
2007,Greater Shepparton,10378,115,453
2007,Hepburn,10382,5,160
2007,Hindmarsh,10386,0,0
2007,Hobsons Bay,10390,175,635
2007,Horsham,10394,28,403
2007,Hume,10398,62,621
2007,Indigo,10402,6,108
2007,Kingston,10406,292,703
2007,Knox,10410,56,655
2007,Latrobe,10414,205,346
2007,Loddon,10418,0,0
2007,Macedon Ranges,10422,22,471
2007,Manningham,10426,65,933
2007,Mansfield,10430,0,0
2007,Maribyrnong,10434,468,640
2007,Maroondah,10438,81,733
2007,Melbourne,10442,5489,1180
2007,Melton,10446,0,0
2007,Mildura,10450,68,425
2007,Mitchell,10454,27,445
2007,Moira,10458,59,374
2007,Monash,10462,168,828
2007,Moonee Valley,10466,546,730
2007,Moorabool,10470,17,701
2007,Moreland,10474,813,714
2007,Mornington Penin'a,10478,49,613
2007,Mount Alexander,10482,6,148
2007,Moyne,10486,0,0
2007,Murrindindi,10490,0,0
2007,Nillumbik,10494,18,325
2007,Northern Grampians,10498,29,270
2007,Port Phillip,10502,3143,1050
2007,Pyrenees,10506,0,0
2007,Queenscliffe,10510,0,0
2007,South Gippsland,10514,20,365
2007,Southern Grampians,10518,44,413
2007,Stonnington,10522,1827,931
2007,Strathbogie,10526,0,0
2007,Surf Coast,10530,20,493
2007,Swan Hill,10534,79,425
2007,Towong,10538,0,0
2007,Wangaratta,10542,38,508
2007,Warrnambool,10546,80,483
2007,Wellington,10550,99,431
2007,West Wimmera,10554,0,0
2007,Whitehorse,10558,309,805
2007,Whittlesea,10562,19,500
2007,Wodonga,10566,48,490
2007,Wyndham,10570,25,460
2007,Yarra,10574,1124,915
2007,Yarra Ranges,10578,147,595
2007,Yarriambiack,10582,0,0
2008,Alpine,11534,0,0
2008,Ararat,11538,5,100
2008,Ballarat,11542,273,475
2008,Banyule,11546,262,820
2008,Bass Coast,11550,6,125
2008,Baw Baw,11554,40,473
2008,Bayside,11558,86,1138
2008,Benalla,11562,16,350
2008,Boroondara,11566,1135,951
2008,Brimbank,11570,207,645
2008,Buloke,11574,0,0
2008,Campaspe,11578,49,468
2008,Cardinia,11582,0,0
2008,Casey,11586,16,583
2008,Central Goldfields,11590,5,105
2008,Colac-Otway,11594,29,588
2008,Corangamite,11598,0,0
2008,Darebin,11602,1049,850
2008,East Gippsland,11606,35,470
2008,Frankston,11610,200,636
2008,Gannawarra,11614,0,0
2008,Glen Eira,11618,1310,885
2008,Glenelg,11622,26,593
2008,Golden Plains,11626,0,0
2008,Greater Bendigo,11630,143,508
2008,Greater Dandenong,11634,249,660
2008,Greater Geelong,11638,669,550
2008,Greater Shepparton,11642,114,490
2008,Hepburn,11646,15,440
2008,Hindmarsh,11650,0,0
2008,Hobsons Bay,11654,165,760
2008,Horsham,11658,47,405
2008,Hume,11662,44,685
2008,Indigo,11666,0,0
2008,Kingston,11670,320,805
2008,Knox,11674,62,729
2008,Latrobe,11678,217,375
2008,Loddon,11682,0,0
2008,Macedon Ranges,11686,6,140
2008,Manningham,11690,60,878
2008,Mansfield,11694,0,0
2008,Maribyrnong,11698,502,775
2008,Maroondah,11702,69,780
2008,Melbourne,11706,6007,1255
2008,Melton,11710,26,969
2008,Mildura,11714,102,450
2008,Mitchell,11718,26,445
2008,Moira,11722,55,391
2008,Monash,11726,177,955
2008,Moonee Valley,11730,586,860
2008,Moorabool,11734,47,970
2008,Moreland,11738,951,840
2008,Mornington Penin'a,11742,53,695
2008,Mount Alexander,11746,0,0
2008,Moyne,11750,0,0
2008,Murrindindi,11754,0,0
2008,Nillumbik,11758,8,190
2008,Northern Grampians,11762,23,388
2008,Port Phillip,11766,3303,1165
2008,Pyrenees,11770,0,0
2008,Queenscliffe,11774,0,0
2008,South Gippsland,11778,14,300
2008,Southern Grampians,11782,49,434
2008,Stonnington,11786,2096,1045
2008,Strathbogie,11790,19,485
2008,Surf Coast,11794,22,505
2008,Swan Hill,11798,95,445
2008,Towong,11802,0,0
2008,Wangaratta,11806,49,483
2008,Warrnambool,11810,88,488
2008,Wellington,11814,80,468
2008,West Wimmera,11818,0,0
2008,Whitehorse,11822,340,865
2008,Whittlesea,11826,18,610
2008,Wodonga,11830,40,519
2008,Wyndham,11834,28,625
2008,Yarra,11838,1275,1063
2008,Yarra Ranges,11842,124,662
2008,Yarriambiack,11846,0,0
2009,Alpine,12798,10,300
2009,Ararat,12802,0,0
2009,Ballarat,12806,296,520
2009,Banyule,12810,328,945
2009,Bass Coast,12814,0,0
2009,Baw Baw,12818,39,515
2009,Bayside,12822,106,1230
2009,Benalla,12826,21,470
2009,Boroondara,12830,1280,1043
2009,Brimbank,12834,212,705
2009,Buloke,12838,0,0
2009,Campaspe,12842,63,485
2009,Cardinia,12846,23,685
2009,Casey,12850,38,813
2009,Central Goldfields,12854,0,0
2009,Colac-Otway,12858,35,595
2009,Corangamite,12862,11,265
2009,Darebin,12866,944,930
2009,East Gippsland,12870,60,548
2009,Frankston,12874,232,679
2009,Gannawarra,12878,0,0
2009,Glen Eira,12882,1619,940
2009,Glenelg,12886,20,405
2009,Golden Plains,12890,0,0
2009,Greater Bendigo,12894,138,543
2009,Greater Dandenong,12898,333,745
2009,Greater Geelong,12902,660,595
2009,Greater Shepparton,12906,145,515
2009,Hepburn,12910,0,0
2009,Hindmarsh,12914,0,0
2009,Hobsons Bay,12918,176,820
2009,Horsham,12922,41,440
2009,Hume,12926,72,765
2009,Indigo,12930,14,270
2009,Kingston,12934,401,885
2009,Knox,12938,48,828
2009,Latrobe,12942,251,395
2009,Loddon,12946,0,0
2009,Macedon Ranges,12950,27,611
2009,Manningham,12954,62,1011
2009,Mansfield,12958,0,0
2009,Maribyrnong,12962,573,780
2009,Maroondah,12966,77,830
2009,Melbourne,12970,6790,1380
2009,Melton,12974,35,851
2009,Mildura,12978,133,468
2009,Mitchell,12982,9,120
2009,Moira,12986,57,418
2009,Monash,12990,206,1076
2009,Moonee Valley,12994,528,920
2009,Moorabool,12998,11,285
2009,Moreland,13002,978,950
2009,Mornington Penin'a,13006,82,790
2009,Mount Alexander,13010,0,0
2009,Moyne,13014,0,0
2009,Murrindindi,13018,0,0
2009,Nillumbik,13022,17,595
2009,Northern Grampians,13026,21,280
2009,Port Phillip,13030,2800,1210
2009,Pyrenees,13034,0,0
2009,Queenscliffe,13038,0,0
2009,South Gippsland,13042,26,470
2009,Southern Grampians,13046,38,451
2009,Stonnington,13050,2262,1120
2009,Strathbogie,13054,5,170
2009,Surf Coast,13058,36,743
2009,Swan Hill,13062,81,445
2009,Towong,13066,0,0
2009,Wangaratta,13070,55,528
2009,Warrnambool,13074,101,545
2009,Wellington,13078,91,483
2009,West Wimmera,13082,0,0
2009,Whitehorse,13086,628,903
2009,Whittlesea,13090,39,850
2009,Wodonga,13094,48,525
2009,Wyndham,13098,50,830
2009,Yarra,13102,1254,1115
2009,Yarra Ranges,13106,138,730
2009,Yarriambiack,13110,0,0
2010,Alpine,14062,5,135
2010,Ararat,14066,5,100
2010,Ballarat,14070,286,550
2010,Banyule,14074,368,960
2010,Bass Coast,14078,38,885
2010,Baw Baw,14082,37,570
2010,Bayside,14086,94,1280
2010,Benalla,14090,34,545
2010,Boroondara,14094,1206,1070
2010,Brimbank,14098,206,785
2010,Buloke,14102,6,108
2010,Campaspe,14106,47,463
2010,Cardinia,14110,17,580
2010,Casey,14114,42,800
2010,Central Goldfields,14118,7,105
2010,Colac-Otway,14122,37,613
2010,Corangamite,14126,0,0
2010,Darebin,14130,1047,985
2010,East Gippsland,14134,40,530
2010,Frankston,14138,213,733
2010,Gannawarra,14142,0,0
2010,Glen Eira,14146,1538,1000
2010,Glenelg,14150,20,370
2010,Golden Plains,14154,0,0
2010,Greater Bendigo,14158,135,558
2010,Greater Dandenong,14162,266,790
2010,Greater Geelong,14166,552,653
2010,Greater Shepparton,14170,112,538
2010,Hepburn,14174,5,165
2010,Hindmarsh,14178,5,50
2010,Hobsons Bay,14182,174,913
2010,Horsham,14186,41,510
2010,Hume,14190,61,811
2010,Indigo,14194,0,0
2010,Kingston,14198,341,938
2010,Knox,14202,54,823
2010,Latrobe,14206,233,442
2010,Loddon,14210,0,0
2010,Macedon Ranges,14214,16,450
2010,Manningham,14218,66,1125
2010,Mansfield,14222,0,0
2010,Maribyrnong,14226,610,810
2010,Maroondah,14230,74,841
2010,Melbourne,14234,6687,1420
2010,Melton,14238,34,1068
2010,Mildura,14242,81,481
2010,Mitchell,14246,11,225
2010,Moira,14250,49,423
2010,Monash,14254,404,1033
2010,Moonee Valley,14258,603,973
2010,Moorabool,14262,23,450
2010,Moreland,14266,1044,994
2010,Mornington Penin'a,14270,70,828
2010,Mount Alexander,14274,0,0
2010,Moyne,14278,0,0
2010,Murrindindi,14282,0,0
2010,Nillumbik,14286,14,448
2010,Northern Grampians,14290,11,208
2010,Port Phillip,14294,2854,1266
2010,Pyrenees,14298,0,0
2010,Queenscliffe,14302,0,0
2010,South Gippsland,14306,22,388
2010,Southern Grampians,14310,35,465
2010,Stonnington,14314,2592,1185
2010,Strathbogie,14318,13,330
2010,Surf Coast,14322,33,808
2010,Swan Hill,14326,82,465
2010,Towong,14330,7,85
2010,Wangaratta,14334,44,547
2010,Warrnambool,14338,75,620
2010,Wellington,14342,97,528
2010,West Wimmera,14346,0,0
2010,Whitehorse,14350,473,922
2010,Whittlesea,14354,51,980
2010,Wodonga,14358,56,565
2010,Wyndham,14362,49,788
2010,Yarra,14366,1336,1160
2010,Yarra Ranges,14370,121,773
2010,Yarriambiack,14374,5,95
2011,Alpine,15326,5,120
2011,Ararat,15330,0,0
2011,Ballarat,15334,285,578
2011,Banyule,15338,393,1030
2011,Bass Coast,15342,28,1180
2011,Baw Baw,15346,43,608
2011,Bayside,15350,171,1300
2011,Benalla,15354,43,540
2011,Boroondara,15358,1473,1104
2011,Brimbank,15362,219,798
2011,Buloke,15366,0,0
2011,Campaspe,15370,56,521
2011,Cardinia,15374,6,200
2011,Casey,15378,52,846
2011,Central Goldfields,15382,5,125
2011,Colac-Otway,15386,42,648
2011,Corangamite,15390,11,280
2011,Darebin,15394,1034,1015
2011,East Gippsland,15398,44,615
2011,Frankston,15402,215,765
2011,Gannawarra,15406,5,140
2011,Glen Eira,15410,1679,1050
2011,Glenelg,15414,34,535
2011,Golden Plains,15418,0,0
2011,Greater Bendigo,15422,117,610
2011,Greater Dandenong,15426,394,820
2011,Greater Geelong,15430,617,720
2011,Greater Shepparton,15434,111,540
2011,Hepburn,15438,6,190
2011,Hindmarsh,15442,15,195
2011,Hobsons Bay,15446,165,910
2011,Horsham,15450,41,641
2011,Hume,15454,53,826
2011,Indigo,15458,0,0
2011,Kingston,15462,370,1000
2011,Knox,15466,70,815
2011,Latrobe,15470,212,470
2011,Loddon,15474,0,0
2011,Macedon Ranges,15478,8,160
2011,Manningham,15482,90,1086
2011,Mansfield,15486,0,0
2011,Maribyrnong,15490,693,878
2011,Maroondah,15494,108,868
2011,Melbourne,15498,7029,1445
2011,Melton,15502,41,1151
2011,Mildura,15506,115,532
2011,Mitchell,15510,10,135
2011,Moira,15514,41,458
2011,Monash,15518,340,1110
2011,Moonee Valley,15522,608,1032
2011,Moorabool,15526,14,335
2011,Moreland,15530,1230,1045
2011,Mornington Penin'a,15534,71,888
2011,Mount Alexander,15538,0,0
2011,Moyne,15542,0,0
2011,Murrindindi,15546,0,0
2011,Nillumbik,15550,20,690
2011,Northern Grampians,15554,16,305
2011,Port Phillip,15558,2829,1325
2011,Pyrenees,15562,0,0
2011,Queenscliffe,15566,0,0
2011,South Gippsland,15570,27,416
2011,Southern Grampians,15574,28,515
2011,Stonnington,15578,2852,1250
2011,Strathbogie,15582,0,0
2011,Surf Coast,15586,33,855
2011,Swan Hill,15590,72,480
2011,Towong,15594,0,0
2011,Wangaratta,15598,51,540
2011,Warrnambool,15602,78,581
2011,Wellington,15606,89,565
2011,West Wimmera,15610,0,0
2011,Whitehorse,15614,634,923
2011,Whittlesea,15618,57,1005
2011,Wodonga,15622,59,580
2011,Wyndham,15626,42,858
2011,Yarra,15630,1417,1252
2011,Yarra Ranges,15634,116,800
2011,Yarriambiack,15638,6,105
2012,Alpine,16590,5,145
2012,Ararat,16594,5,124
2012,Ballarat,16598,335,610
2012,Banyule,16602,414,1010
2012,Bass Coast,16606,31,631
2012,Baw Baw,16610,29,615
2012,Bayside,16614,166,1298
2012,Benalla,16618,43,568
2012,Boroondara,16622,1543,1152
2012,Brimbank,16626,224,800
2012,Buloke,16630,0,0
2012,Campaspe,16634,38,540
2012,Cardinia,16638,17,624
2012,Casey,16642,46,878
2012,Central Goldfields,16646,5,125
2012,Colac-Otway,16650,35,690
2012,Corangamite,16654,0,0
2012,Darebin,16658,1192,1050
2012,East Gippsland,16662,47,591
2012,Frankston,16666,195,757
2012,Gannawarra,16670,0,0
2012,Glen Eira,16674,1719,1060
2012,Glenelg,16678,26,415
2012,Golden Plains,16682,0,0
2012,Greater Bendigo,16686,149,645
2012,Greater Dandenong,16690,459,840
2012,Greater Geelong,16694,610,760
2012,Greater Shepparton,16698,125,553
2012,Hepburn,16702,13,392
2012,Hindmarsh,16706,6,120
2012,Hobsons Bay,16710,181,965
2012,Horsham,16714,35,578
2012,Hume,16718,64,865
2012,Indigo,16722,5,150
2012,Kingston,16726,467,1023
2012,Knox,16730,103,853
2012,Latrobe,16734,215,478
2012,Loddon,16738,0,0
2012,Macedon Ranges,16742,19,605
2012,Manningham,16746,131,1370
2012,Mansfield,16750,0,0
2012,Maribyrnong,16754,672,900
2012,Maroondah,16758,89,913
2012,Melbourne,16762,7905,1430
2012,Melton,16766,47,1130
2012,Mildura,16770,94,515
2012,Mitchell,16774,15,286
2012,Moira,16778,44,465
2012,Monash,16782,383,1010
2012,Moonee Valley,16786,665,1050
2012,Moorabool,16790,17,360
2012,Moreland,16794,1136,1064
2012,Mornington Penin'a,16798,89,881
2012,Mount Alexander,16802,5,220
2012,Moyne,16806,0,0
2012,Murrindindi,16810,0,0
2012,Nillumbik,16814,13,320
2012,Northern Grampians,16818,22,318
2012,Port Phillip,16822,2959,1330
2012,Pyrenees,16826,0,0
2012,Queenscliffe,16830,0,0
2012,South Gippsland,16834,28,615
2012,Southern Grampians,16838,26,550
2012,Stonnington,16842,3304,1280
2012,Strathbogie,16846,11,305
2012,Surf Coast,16850,20,700
2012,Swan Hill,16854,66,498
2012,Towong,16858,0,0
2012,Wangaratta,16862,61,568
2012,Warrnambool,16866,82,660
2012,Wellington,16870,93,560
2012,West Wimmera,16874,0,0
2012,Whitehorse,16878,633,942
2012,Whittlesea,16882,65,1015
2012,Wodonga,16886,60,614
2012,Wyndham,16890,41,872
2012,Yarra,16894,1706,1320
2012,Yarra Ranges,16898,139,826
2012,Yarriambiack,16902,0,0
2013,Alpine,17854,12,285
2013,Ararat,17858,5,140
2013,Ballarat,17862,312,636
2013,Banyule,17866,401,1025
2013,Bass Coast,17870,18,685
2013,Baw Baw,17874,26,485
2013,Bayside,17878,194,1293
2013,Benalla,17882,33,568
2013,Boroondara,17886,1680,1161
2013,Brimbank,17890,230,818
2013,Buloke,17894,0,0
2013,Campaspe,17898,57,506
2013,Cardinia,17902,7,230
2013,Casey,17906,61,890
2013,Central Goldfields,17910,0,0
2013,Colac-Otway,17914,31,675
2013,Corangamite,17918,5,120
2013,Darebin,17922,1276,1070
2013,East Gippsland,17926,46,626
2013,Frankston,17930,258,813
2013,Gannawarra,17934,5,120
2013,Glen Eira,17938,1876,1070
2013,Glenelg,17942,21,433
2013,Golden Plains,17946,0,0
2013,Greater Bendigo,17950,141,654
2013,Greater Dandenong,17954,465,840
2013,Greater Geelong,17958,673,780
2013,Greater Shepparton,17962,119,560
2013,Hepburn,17966,0,0
2013,Hindmarsh,17970,12,155
2013,Hobsons Bay,17974,205,988
2013,Horsham,17978,38,637
2013,Hume,17982,100,843
2013,Indigo,17986,0,0
2013,Kingston,17990,508,1050
2013,Knox,17994,64,963
2013,Latrobe,17998,212,483
2013,Loddon,18002,0,0
2013,Macedon Ranges,18006,19,590
2013,Manningham,18010,118,1330
2013,Mansfield,18014,0,0
2013,Maribyrnong,18018,842,949
2013,Maroondah,18022,85,995
2013,Melbourne,18026,8961,1460
2013,Melton,18030,25,878
2013,Mildura,18034,90,566
2013,Mitchell,18038,20,458
2013,Moira,18042,67,465
2013,Monash,18046,537,1023
2013,Moonee Valley,18050,753,1050
2013,Moorabool,18054,5,175
2013,Moreland,18058,1417,1100
2013,Mornington Penin'a,18062,86,844
2013,Mount Alexander,18066,0,0
2013,Moyne,18070,0,0
2013,Murrindindi,18074,0,0
2013,Nillumbik,18078,8,220
2013,Northern Grampians,18082,17,355
2013,Port Phillip,18086,3364,1349
2013,Pyrenees,18090,0,0
2013,Queenscliffe,18094,0,0
2013,South Gippsland,18098,23,485
2013,Southern Grampians,18102,34,560
2013,Stonnington,18106,3769,1290
2013,Strathbogie,18110,18,470
2013,Surf Coast,18114,23,685
2013,Swan Hill,18118,76,518
2013,Towong,18122,0,0
2013,Wangaratta,18126,83,560
2013,Warrnambool,18130,84,660
2013,Wellington,18134,86,591
2013,West Wimmera,18138,0,0
2013,Whitehorse,18142,767,990
2013,Whittlesea,18146,97,1075
2013,Wodonga,18150,59,670
2013,Wyndham,18154,44,835
2013,Yarra,18158,1787,1355
2013,Yarra Ranges,18162,127,870
2013,Yarriambiack,18166,0,0
2014,Alpine,19118,10,310
2014,Ararat,19122,0,0
2014,Ballarat,19126,318,630
2014,Banyule,19130,396,1031
2014,Bass Coast,19134,9,230
2014,Baw Baw,19138,32,628
2014,Bayside,19142,222,1310
2014,Benalla,19146,41,580
2014,Boroondara,19150,1820,1190
2014,Brimbank,19154,205,820
2014,Buloke,19158,0,0
2014,Campaspe,19162,35,395
2014,Cardinia,19166,11,330
2014,Casey,19170,95,977
2014,Central Goldfields,19174,0,0
2014,Colac-Otway,19178,47,720
2014,Corangamite,19182,0,0
2014,Darebin,19186,1166,1090
2014,East Gippsland,19190,54,655
2014,Frankston,19194,303,896
2014,Gannawarra,19198,0,0
2014,Glen Eira,19202,1807,1082
2014,Glenelg,19206,16,320
2014,Golden Plains,19210,0,0
2014,Greater Bendigo,19214,126,672
2014,Greater Dandenong,19218,456,885
2014,Greater Geelong,19222,638,810
2014,Greater Shepparton,19226,94,613
2014,Hepburn,19230,5,225
2014,Hindmarsh,19234,0,0
2014,Hobsons Bay,19238,207,1025
2014,Horsham,19242,39,834
2014,Hume,19246,83,906
2014,Indigo,19250,0,0
2014,Kingston,19254,440,1073
2014,Knox,19258,76,970
2014,Latrobe,19262,214,503
2014,Loddon,19266,0,0
2014,Macedon Ranges,19270,0,0
2014,Manningham,19274,100,1380
2014,Mansfield,19278,0,0
2014,Maribyrnong,19282,911,994
2014,Maroondah,19286,92,1020
2014,Melbourne,19290,10019,1460
2014,Melton,19294,46,1213
2014,Mildura,19298,130,655
2014,Mitchell,19302,14,310
2014,Moira,19306,55,456
2014,Monash,19310,596,1133
2014,Moonee Valley,19314,734,1100
2014,Moorabool,19318,15,470
2014,Moreland,19322,1554,1155
2014,Mornington Penin'a,19326,55,928
2014,Mount Alexander,19330,6,210
2014,Moyne,19334,0,0
2014,Murrindindi,19338,0,0
2014,Nillumbik,19342,6,200
2014,Northern Grampians,19346,21,425
2014,Port Phillip,19350,3124,1350
2014,Pyrenees,19354,0,0
2014,Queenscliffe,19358,0,0
2014,South Gippsland,19362,16,483
2014,Southern Grampians,19366,14,260
2014,Stonnington,19370,3583,1305
2014,Strathbogie,19374,16,331
2014,Surf Coast,19378,26,688
2014,Swan Hill,19382,71,535
2014,Towong,19386,5,110
2014,Wangaratta,19390,65,598
2014,Warrnambool,19394,94,750
2014,Wellington,19398,86,625
2014,West Wimmera,19402,0,0
2014,Whitehorse,19406,900,950
2014,Whittlesea,19410,113,1085
2014,Wodonga,19414,62,688
2014,Wyndham,19418,57,993
2014,Yarra,19422,2169,1390
2014,Yarra Ranges,19426,130,917
2014,Yarriambiack,19430,0,0
2015,Alpine,20382,0,0
2015,Ararat,20386,0,0
2015,Ballarat,20390,297,663
2015,Banyule,20394,409,1069
2015,Bass Coast,20398,23,629
2015,Baw Baw,20402,32,515
2015,Bayside,20406,307,1263
2015,Benalla,20410,38,595
2015,Boroondara,20414,1944,1260
2015,Brimbank,20418,244,852
2015,Buloke,20422,0,0
2015,Campaspe,20426,49,605
2015,Cardinia,20430,8,220
2015,Casey,20434,83,1001
2015,Central Goldfields,20438,0,0
2015,Colac-Otway,20442,43,703
2015,Corangamite,20446,6,123
2015,Darebin,20450,1345,1130
2015,East Gippsland,20454,46,680
2015,Frankston,20458,372,898
2015,Gannawarra,20462,0,0
2015,Glen Eira,20466,1864,1106
2015,Glenelg,20470,27,616
2015,Golden Plains,20474,0,0
2015,Greater Bendigo,20478,123,660
2015,Greater Dandenong,20482,561,915
2015,Greater Geelong,20486,658,825
2015,Greater Shepparton,20490,128,661
2015,Hepburn,20494,0,0
2015,Hindmarsh,20498,10,230
2015,Hobsons Bay,20502,197,1075
2015,Horsham,20506,42,771
2015,Hume,20510,93,948
2015,Indigo,20514,5,145
2015,Kingston,20518,469,1108
2015,Knox,20522,132,1128
2015,Latrobe,20526,208,580
2015,Loddon,20530,0,0
2015,Macedon Ranges,20534,27,780
2015,Manningham,20538,146,1415
2015,Mansfield,20542,0,0
2015,Maribyrnong,20546,940,1009
2015,Maroondah,20550,94,1111
2015,Melbourne,20554,11718,1475
2015,Melton,20558,43,1221
2015,Mildura,20562,111,665
2015,Mitchell,20566,14,320
2015,Moira,20570,43,513
2015,Monash,20574,636,1181
2015,Moonee Valley,20578,874,1138
2015,Moorabool,20582,22,580
2015,Moreland,20586,1511,1150
2015,Mornington Penin'a,20590,83,955
2015,Mount Alexander,20594,5,200
2015,Moyne,20598,0,0
2015,Murrindindi,20602,0,0
2015,Nillumbik,20606,30,715
2015,Northern Grampians,20610,31,474
2015,Port Phillip,20614,3214,1380
2015,Pyrenees,20618,0,0
2015,Queenscliffe,20622,0,0
2015,South Gippsland,20626,15,315
2015,Southern Grampians,20630,26,407
2015,Stonnington,20634,3911,1360
2015,Strathbogie,20638,17,548
2015,Surf Coast,20642,23,650
2015,Swan Hill,20646,61,540
2015,Towong,20650,0,0
2015,Wangaratta,20654,54,616
2015,Warrnambool,20658,83,773
2015,Wellington,20662,103,650
2015,West Wimmera,20666,0,0
2015,Whitehorse,20670,909,1010
2015,Whittlesea,20674,138,1093
2015,Wodonga,20678,54,711
2015,Wyndham,20682,60,993
2015,Yarra,20686,2348,1420
2015,Yarra Ranges,20690,108,913
2015,Yarriambiack,20694,0,0
2016,Alpine,21646,11,355
2016,Ararat,21650,5,140
2016,Ballarat,21654,322,660
2016,Banyule,21658,472,1178
2016,Bass Coast,21662,19,700
2016,Baw Baw,21666,25,520
2016,Bayside,21670,365,1430
2016,Benalla,21674,37,615
2016,Boroondara,21678,2048,1260
2016,Brimbank,21682,222,865
2016,Buloke,21686,6,118
2016,Campaspe,21690,23,293
2016,Cardinia,21694,0,0
2016,Casey,21698,86,954
2016,Central Goldfields,21702,14,335
2016,Colac-Otway,21706,37,748
2016,Corangamite,21710,0,0
2016,Darebin,21714,1386,1155
2016,East Gippsland,21718,59,698
2016,Frankston,21722,446,887
2016,Gannawarra,21726,0,0
2016,Glen Eira,21730,1977,1145
2016,Glenelg,21734,21,433
2016,Golden Plains,21738,0,0
2016,Greater Bendigo,21742,132,723
2016,Greater Dandenong,21746,567,910
2016,Greater Geelong,21750,619,840
2016,Greater Shepparton,21754,115,679
2016,Hepburn,21758,6,238
2016,Hindmarsh,21762,6,118
2016,Hobsons Bay,21766,195,1075
2016,Horsham,21770,42,628
2016,Hume,21774,98,940
2016,Indigo,21778,0,0
2016,Kingston,21782,487,1152
2016,Knox,21786,77,1188
2016,Latrobe,21790,246,570
2016,Loddon,21794,0,0
2016,Macedon Ranges,21798,15,380
2016,Manningham,21802,186,1400
2016,Mansfield,21806,0,0
2016,Maribyrnong,21810,897,1030
2016,Maroondah,21814,91,1151
2016,Melbourne,21818,11798,1515
2016,Melton,21822,35,1264
2016,Mildura,21826,109,724
2016,Mitchell,21830,20,558
2016,Moira,21834,40,500
2016,Monash,21838,641,1148
2016,Moonee Valley,21842,823,1168
2016,Moorabool,21846,11,410
2016,Moreland,21850,1690,1230
2016,Mornington Penin'a,21854,63,943
2016,Mount Alexander,21858,0,0
2016,Moyne,21862,0,0
2016,Murrindindi,21866,0,0
2016,Nillumbik,21870,14,502
2016,Northern Grampians,21874,22,418
2016,Port Phillip,21878,3162,1400
2016,Pyrenees,21882,0,0
2016,Queenscliffe,21886,0,0
2016,South Gippsland,21890,29,643
2016,Southern Grampians,21894,27,555
2016,Stonnington,21898,3949,1380
2016,Strathbogie,21902,0,0
2016,Surf Coast,21906,11,468
2016,Swan Hill,21910,57,563
2016,Towong,21914,0,0
2016,Wangaratta,21918,45,663
2016,Warrnambool,21922,95,753
2016,Wellington,21926,88,650
2016,West Wimmera,21930,0,0
2016,Whitehorse,21934,1038,1120
2016,Whittlesea,21938,118,1103
2016,Wodonga,21942,66,686
2016,Wyndham,21946,59,970
2016,Yarra,21950,2483,1475
2016,Yarra Ranges,21954,121,953
2016,Yarriambiack,21958,0,0
2017,Alpine,22910,20,585
2017,Ararat,22914,0,0
2017,Ballarat,22918,261,695
2017,Banyule,22922,524,1231
2017,Bass Coast,22926,21,725
2017,Baw Baw,22930,37,750
2017,Bayside,22934,301,1440
2017,Benalla,22938,16,310
2017,Boroondara,22942,1959,1340
2017,Brimbank,22946,195,911
2017,Buloke,22950,0,0
2017,Campaspe,22954,37,428
2017,Cardinia,22958,13,450
2017,Casey,22962,80,1030
2017,Central Goldfields,22966,14,328
2017,Colac-Otway,22970,32,780
2017,Corangamite,22974,0,0
2017,Darebin,22978,1404,1205
2017,East Gippsland,22982,44,693
2017,Frankston,22986,403,933
2017,Gannawarra,22990,0,0
2017,Glen Eira,22994,1940,1190
2017,Glenelg,22998,25,630
2017,Golden Plains,23002,0,0
2017,Greater Bendigo,23006,139,704
2017,Greater Dandenong,23010,524,953
2017,Greater Geelong,23014,612,855
2017,Greater Shepparton,23018,160,670
2017,Hepburn,23022,0,0
2017,Hindmarsh,23026,0,0
2017,Hobsons Bay,23030,198,1163
2017,Horsham,23034,50,823
2017,Hume,23038,99,1035
2017,Indigo,23042,0,0
2017,Kingston,23046,497,1183
2017,Knox,23050,107,1195
2017,Latrobe,23054,205,580
2017,Loddon,23058,0,0
2017,Macedon Ranges,23062,18,705
2017,Manningham,23066,205,1438
2017,Mansfield,23070,0,0
2017,Maribyrnong,23074,935,1126
2017,Maroondah,23078,103,1181
2017,Melbourne,23082,12286,1613
2017,Melton,23086,45,1285
2017,Mildura,23090,107,700
2017,Mitchell,23094,5,150
2017,Moira,23098,70,496
2017,Monash,23102,609,1233
2017,Moonee Valley,23106,1033,1285
2017,Moorabool,23110,16,665
2017,Moreland,23114,1613,1290
2017,Mornington Penin'a,23118,60,1015
2017,Mount Alexander,23122,0,0
2017,Moyne,23126,0,0
2017,Murrindindi,23130,0,0
2017,Nillumbik,23134,13,568
2017,Northern Grampians,23138,22,270
2017,Port Phillip,23142,3137,1475
2017,Pyrenees,23146,0,0
2017,Queenscliffe,23150,0,0
2017,South Gippsland,23154,24,518
2017,Southern Grampians,23158,32,575
2017,Stonnington,23162,3880,1460
2017,Strathbogie,23166,9,200
2017,Surf Coast,23170,22,830
2017,Swan Hill,23174,68,583
2017,Towong,23178,0,0
2017,Wangaratta,23182,40,665
2017,Warrnambool,23186,77,755
2017,Wellington,23190,113,643
2017,West Wimmera,23194,0,0
2017,Whitehorse,23198,1184,1218
2017,Whittlesea,23202,127,1150
2017,Wodonga,23206,72,685
2017,Wyndham,23210,53,1095
2017,Yarra,23214,2265,1543
2017,Yarra Ranges,23218,113,1020
2017,Yarriambiack,23222,6,110
2018,Alpine,24174,7,200
2018,Ararat,24178,6,158
2018,Ballarat,24182,249,705
2018,Banyule,24186,543,1325
2018,Bass Coast,24190,8,250
2018,Baw Baw,24194,23,370
2018,Bayside,24198,312,1490
2018,Benalla,24202,26,638
2018,Boroondara,24206,1819,1370
2018,Brimbank,24210,203,983
2018,Buloke,24214,0,0
2018,Campaspe,24218,43,598
2018,Cardinia,24222,11,475
2018,Casey,24226,68,1050
2018,Central Goldfields,24230,5,165
2018,Colac-Otway,24234,38,803
2018,Corangamite,24238,8,358
2018,Darebin,24242,1319,1250
2018,East Gippsland,24246,45,745
2018,Frankston,24250,369,965
2018,Gannawarra,24254,0,0
2018,Glen Eira,24258,1979,1238
2018,Glenelg,24262,27,611
2018,Golden Plains,24266,0,0
2018,Greater Bendigo,24270,150,748
2018,Greater Dandenong,24274,495,990
2018,Greater Geelong,24278,539,880
2018,Greater Shepparton,24282,141,678
2018,Hepburn,24286,0,0
2018,Hindmarsh,24290,0,0
2018,Hobsons Bay,24294,204,1215
2018,Horsham,24298,52,753
2018,Hume,24302,98,1000
2018,Indigo,24306,0,0
2018,Kingston,24310,495,1220
2018,Knox,24314,94,1253
2018,Latrobe,24318,250,610
2018,Loddon,24322,0,0
2018,Macedon Ranges,24326,18,628
2018,Manningham,24330,217,1473
2018,Mansfield,24334,0,0
2018,Maribyrnong,24338,1011,1132
2018,Maroondah,24342,86,1238
2018,Melbourne,24346,11578,1675
2018,Melton,24350,35,1327
2018,Mildura,24354,101,728
2018,Mitchell,24358,8,178
2018,Moira,24362,51,566
2018,Monash,24366,626,1255
2018,Moonee Valley,24370,935,1305
2018,Moorabool,24374,16,470
2018,Moreland,24378,1773,1375
2018,Mornington Penin'a,24382,42,1105
2018,Mount Alexander,24386,0,0
2018,Moyne,24390,0,0
2018,Murrindindi,24394,0,0
2018,Nillumbik,24398,19,943
2018,Northern Grampians,24402,19,295
2018,Port Phillip,24406,3050,1505
2018,Pyrenees,24410,0,0
2018,Queenscliffe,24414,0,0
2018,South Gippsland,24418,26,661
2018,Southern Grampians,24422,40,600
2018,Stonnington,24426,3721,1485
2018,Strathbogie,24430,13,620
2018,Surf Coast,24434,12,530
2018,Swan Hill,24438,60,585
2018,Towong,24442,0,0
2018,Wangaratta,24446,38,738
2018,Warrnambool,24450,88,810
2018,Wellington,24454,112,668
2018,West Wimmera,24458,0,0
2018,Whitehorse,24462,1100,1225
2018,Whittlesea,24466,94,1188
2018,Wodonga,24470,56,703
2018,Wyndham,24474,79,1143
2018,Yarra,24478,2412,1610
2018,Yarra Ranges,24482,109,1020
2018,Yarriambiack,24486,7,240
2019,Alpine,25438,0,0
2019,Ararat,25442,10,710
2019,Ballarat,25446,216,749
2019,Banyule,25450,469,1320
2019,Bass Coast,25454,0,0
2019,Baw Baw,25458,0,0
2019,Bayside,25462,282,1510
2019,Benalla,25466,22,726
2019,Boroondara,25470,1816,1391
2019,Brimbank,25474,281,1000
2019,Buloke,25478,0,0
2019,Campaspe,25482,37,633
2019,Cardinia,25486,8,726
2019,Casey,25490,97,1078
2019,Central Goldfields,25494,0,0
2019,Colac-Otway,25498,25,844
2019,Corangamite,25502,8,936
2019,Darebin,25506,1250,1290
2019,East Gippsland,25510,60,780
2019,Frankston,25514,369,1003
2019,Gannawarra,25518,0,0
2019,Glen Eira,25522,1972,1285
2019,Glenelg,25526,20,771
2019,Golden Plains,25530,0,0
2019,Greater Bendigo,25534,130,754
2019,Greater Dandenong,25538,558,1030
2019,Greater Geelong,25542,563,933
2019,Greater Shepparton,25546,152,745
2019,Hepburn,25550,0,0
2019,Hindmarsh,25554,0,0
2019,Hobsons Bay,25558,182,1220
2019,Horsham,25562,47,830
2019,Hume,25566,93,1068
2019,Indigo,25570,0,0
2019,Kingston,25574,497,1245
2019,Knox,25578,109,1285
2019,Latrobe,25582,244,658
2019,Loddon,25586,0,0
2019,Macedon Ranges,25590,14,884
2019,Manningham,25594,228,1505
2019,Mansfield,25598,0,0
2019,Maribyrnong,25602,1070,1216
2019,Maroondah,25606,110,1316
2019,Melbourne,25610,12162,1700
2019,Melton,25614,36,1279
2019,Mildura,25618,121,716
2019,Mitchell,25622,0,0
2019,Moira,25626,63,533
2019,Monash,25630,600,1285
2019,Moonee Valley,25634,1135,1363
2019,Moorabool,25638,20,968
2019,Moreland,25642,1620,1390
2019,Mornington Penin'a,25646,39,1085
2019,Mount Alexander,25650,0,0
2019,Moyne,25654,0,0
2019,Murrindindi,25658,0,0
2019,Nillumbik,25662,23,1228
2019,Northern Grampians,25666,0,0
2019,Port Phillip,25670,2869,1508
2019,Pyrenees,25674,0,0
2019,Queenscliffe,25678,0,0
2019,South Gippsland,25682,15,743
2019,Southern Grampians,25686,24,668
2019,Stonnington,25690,3818,1540
2019,Strathbogie,25694,22,820
2019,Surf Coast,25698,0,0
2019,Swan Hill,25702,59,618
2019,Towong,25706,0,0
2019,Wangaratta,25710,71,775
2019,Warrnambool,25714,64,835
2019,Wellington,25718,98,735
2019,West Wimmera,25722,0,0
2019,Whitehorse,25726,1089,1308
2019,Whittlesea,25730,102,1210
2019,Wodonga,25734,46,728
2019,Wyndham,25738,83,1171
2019,Yarra,25742,2481,1625
2019,Yarra Ranges,25746,101,1068
2019,Yarriambiack,25750,11,490
2020,Alpine,19908,0,0
2020,Ararat,19911,5,340
2020,Ballarat,19914,161,583
2020,Banyule,19917,347,1020
2020,Bass Coast,19920,0,0
2020,Baw Baw,19923,0,0
2020,Bayside,19926,175,1135
2020,Benalla,19929,21,554
2020,Boroondara,19932,1267,1025
2020,Brimbank,19935,159,763
2020,Buloke,19938,0,0
2020,Campaspe,19941,34,490
2020,Cardinia,19944,11,573
2020,Casey,19947,86,836
2020,Central Goldfields,19950,0,0
2020,Colac-Otway,19953,26,703
2020,Corangamite,19956,4,405
2020,Darebin,19959,840,970
2020,East Gippsland,19962,40,630
2020,Frankston,19965,341,743
2020,Gannawarra,19968,0,0
2020,Glen Eira,19971,1465,938
2020,Glenelg,19974,19,545
2020,Golden Plains,19977,0,0
2020,Greater Bendigo,19980,76,589
2020,Greater Dandenong,19983,405,780
2020,Greater Geelong,19986,432,760
2020,Greater Shepparton,19989,87,568
2020,Hepburn,19992,0,0
2020,Hindmarsh,19995,0,0
2020,Hobsons Bay,19998,131,901
2020,Horsham,20001,39,730
2020,Hume,20004,79,835
2020,Indigo,20007,0,0
2020,Kingston,20010,317,940
2020,Knox,20013,106,1018
2020,Latrobe,20016,142,515
2020,Loddon,20019,0,0
2020,Macedon Ranges,20022,14,718
2020,Manningham,20025,147,1083
2020,Mansfield,20028,0,0
2020,Maribyrnong,20031,705,880
2020,Maroondah,20034,73,960
2020,Melbourne,20037,10746,1139
2020,Melton,20040,19,1037
2020,Mildura,20043,64,620
2020,Mitchell,20046,0,0
2020,Moira,20049,32,435
2020,Monash,20052,637,980
2020,Moonee Valley,20055,813,1016
2020,Moorabool,20058,16,715
2020,Moreland,20061,1255,1060
2020,Mornington Penin'a,20064,40,785
2020,Mount Alexander,20067,0,0
2020,Moyne,20070,0,0
2020,Murrindindi,20073,0,0
2020,Nillumbik,20076,23,948
2020,Northern Grampians,20079,0,0
2020,Port Phillip,20082,2156,1093
2020,Pyrenees,20085,0,0
2020,Queenscliffe,20088,0,0
2020,South Gippsland,20091,11,576
2020,Southern Grampians,20094,12,475
2020,Stonnington,20097,2861,1060
2020,Strathbogie,20100,2,500
2020,Surf Coast,20103,0,0
2020,Swan Hill,20106,30,485
2020,Towong,20109,0,0
2020,Wangaratta,20112,41,565
2020,Warrnambool,20115,48,690
2020,Wellington,20118,51,590
2020,West Wimmera,20121,0,0
2020,Whitehorse,20124,941,917
2020,Whittlesea,20127,62,910
2020,Wodonga,20130,40,565
2020,Wyndham,20133,53,870
2020,Yarra,20136,1727,1160
2020,Yarra Ranges,20139,55,800
2020,Yarriambiack,20142,4,375
